,地域,都道府県,市町村名,自然・人文,種別名称,資源名称,資源ランク
0,北海道,北海道,新冠町,自然,山岳,幌尻岳,B
1,北海道,北海道,東川町,自然,山岳,大雪山,S
2,北海道,北海道,利尻富士町,自然,山岳,利尻山,A
3,北海道,北海道,京極町,自然,山岳,羊蹄山,A
4,北海道,北海道,森町/鹿部町,自然,山岳,駒ヶ岳,A
5,北海道,北海道,美瑛町/上富良野町/他,自然,山岳,十勝岳連山,A
6,北海道,北海道,斜里町,自然,山岳,斜里岳,A
7,北海道,北海道,斜里町,自然,山岳,羅臼岳,B
8,北海道,北海道,壮瞥町,自然,山岳,有珠山,B
9,北海道,北海道,鹿追町,自然,山岳,然別火山群,B
10,北海道,北海道,倶知安町,自然,山岳,ニセコアンヌプリ,B
11,北海道,北海道,苫小牧市,自然,山岳,樽前山,B
12,北海道,北海道,千歳市,自然,山岳,恵庭岳,B
13,北海道,北海道,壮瞥町,自然,山岳,昭和新山,B
14,北海道,北海道,弟子屈町,自然,山岳,アトサヌプリ火山群,B
15,北海道,北海道,美瑛町/新得町,自然,山岳,トムラウシ山,B
16,北海道,北海道,釧路市,自然,山岳,雌阿寒岳,B
17,北海道,北海道,阿寒町,自然,山岳,雄阿寒岳,B
18,北海道,北海道,増毛町,自然,山岳,暑寒別岳,B
19,東北,青森,弘前市,自然,山岳,岩木山,A
20,東北,青森,青森市,自然,山岳,八甲田山,A
21,東北,岩手,八幡平市,自然,山岳,岩手山,A
22,東北,岩手,宮古市,自然,山岳,早池峰山,B
23,東北,山形,鶴岡市,自然,山岳,月山,A
24,東北,山形,上山市/川崎町/他,自然,山岳,蔵王山,B
25,東北,福島,猪苗代町,自然,山岳,磐梯山,B
26,東北,福島,檜枝岐村,自然,山岳,燧ヶ岳,B
27,東北,福島,北塩原村,自然,山岳,吾妻連峰,B
28,東北,福島,檜枝岐村,自然,山岳,会津駒ケ岳,B
29,東北,福島,猪苗代町,自然,山岳,安達太良連山,B
30,北関東,茨城,つくば市,自然,山岳,筑波山,B
31,北関東,栃木,日光市,自然,山岳,男体山,A
32,北関東,栃木,日光市,自然,山岳,女峰山,B
33,北関東,栃木,日光市,自然,山岳,太郎山,B
34,北関東,栃木,塩谷町,自然,山岳,高原山,B
35,北関東,群馬,沼田市,自然,山岳,赤城山,B
36,北関東,群馬,東吾妻町,自然,山岳,榛名山,B
37,北関東,群馬,みなかみ町,自然,山岳,朝日岳,B
38,北陸,新潟,魚沼市,自然,山岳,平ヶ岳,B
39,北関東,群馬,草津町,自然,山岳,白根山（草津白根山）,B
40,北関東,群馬,みなかみ町/片品村/他,自然,山岳,武尊山,B
41,北関東,群馬,みなかみ町,自然,山岳,至仏山,B
42,北関東,群馬,富岡市/安中市,自然,山岳,妙義山,B
43,南関東,埼玉,小鹿野町/秩父市,自然,山岳,両神山,B
44,東京,東京,大島町,自然,山岳,三原山,B
45,東京,東京,八丈町,自然,山岳,八丈富士,B
46,東京,東京,三宅村,自然,山岳,雄山,B
47,南関東,神奈川,箱根町,自然,山岳,箱根山,B
48,南関東,神奈川,相模原市,自然,山岳,丹沢山塊,B
49,南関東,神奈川,伊勢原市,自然,山岳,大山,B
50,北陸,新潟,妙高市,自然,山岳,妙高山,A
51,北陸,新潟,南魚沼市,自然,山岳,越後三山,B
52,北陸,新潟,糸魚川市/妙高市,自然,山岳,焼山,B
53,北陸,新潟,上越市,自然,山岳,米山,B
54,北陸,新潟,長岡市,自然,山岳,弥彦山,B
55,北陸,新潟,魚沼市/三条市,自然,山岳,守門岳,B
56,北陸,新潟,魚沼市,自然,山岳,荒沢岳,B
57,北陸,新潟,糸魚川市/妙高市,自然,山岳,火打山,B
58,北陸,富山,立山町,自然,山岳,立山,S
59,北陸,富山,上市町/立山町,自然,山岳,剱岳,A
60,北陸,富山,富山市,自然,山岳,薬師岳,A
61,北陸,富山,朝日町,自然,山岳,朝日岳,B
62,北陸,富山,立山町/上市町,自然,山岳,大日岳,B
63,東海,山梨,南アルプス市,自然,山岳,白峰三山,A
64,東海,山梨,北杜市,自然,山岳,瑞牆山,B
65,東海,山梨,韮崎市,自然,山岳,鳳凰三山,B
66,東海,山梨,甲州市/丹波山村,自然,山岳,大菩薩嶺,B
67,東海,山梨,甲斐市,自然,山岳,茅ケ岳,B
68,東海,長野,松本市,自然,山岳,常念岳,A
69,東海,長野,上松町/木曽町,自然,山岳,木曽駒ヶ岳・宝剣岳,A
70,東海,長野,松本市,自然,山岳,焼岳,B
71,東海,長野,大桑村,自然,山岳,空木岳,B
72,東海,長野,長野市,自然,山岳,戸隠山,B
73,東海,長野,茅野市/立科町,自然,山岳,蓼科山,B
74,東海,長野,大町市,自然,山岳,鹿島槍ヶ岳,B
75,東海,長野,白馬村/黒部市,自然,山岳,唐松岳,B
76,東海,長野,黒部市,自然,山岳,五龍岳,B
77,東海,長野,安曇野市,自然,山岳,燕岳,B
78,東海,長野,安曇野市,自然,山岳,大天井岳,B
79,東海,長野,大桑村,自然,山岳,南駒が岳,B
80,東海,長野,信濃町,自然,山岳,黒姫山,B
81,東海,長野,栄村,自然,山岳,鳥甲山,B
82,東海,長野,山ノ内町,自然,山岳,岩菅山,B
83,北陸,岐阜,高山市,自然,山岳,笠ヶ岳,B
84,東海,静岡,東伊豆町,自然,山岳,天城山,B
85,中国,兵庫,神戸市,自然,山岳,六甲山,B
86,南関西,奈良,天川村,自然,山岳,大峰山,B
87,中国,鳥取,大山町,自然,山岳,大山,A
88,中国,島根,大田市,自然,山岳,三瓶山,B
89,四国,徳島,三好市/那賀町,自然,山岳,剣山,B
90,四国,愛媛,西条市/久万高原町,自然,山岳,石鎚山,B
91,九州,長崎,島原市,自然,山岳,雲仙岳,B
92,九州,熊本,高森町,自然,山岳,阿蘇山,S
93,九州,大分,竹田市,自然,山岳,九重連山,B
94,九州,大分,由布市,自然,山岳,由布岳,B
95,九州,宮崎,高原町,自然,山岳,高千穂峰,B
96,九州,鹿児島,屋久島町,自然,山岳,宮之浦岳,A
97,九州,鹿児島,鹿児島市,自然,山岳,桜島,A
98,九州,鹿児島,屋久島町,自然,山岳,永田岳,B
99,九州,鹿児島,指宿市,自然,山岳,開聞岳,B
100,北海道,北海道,根室市,自然,高原・湿原・原野,春国岱（根室）,B
101,北海道,北海道,豊富町/幌延町,自然,高原・湿原・原野,サロベツ原野,A
102,北海道,北海道,釧路市/標茶町/他,自然,高原・湿原・原野,釧路湿原,A
103,北海道,北海道,浜中町,自然,高原・湿原・原野,霧多布湿原,A
104,北海道,北海道,雨竜町,自然,高原・湿原・原野,雨竜沼湿原,A
105,北海道,北海道,富良野市,自然,高原・湿原・原野,原始ケ原,B
106,北海道,北海道,上川町/東川町,自然,高原・湿原・原野,沼ノ平,B
107,北海道,北海道,上川町/新得町,自然,高原・湿原・原野,沼ノ原,B
108,北海道,北海道,厚岸町/標茶町,自然,高原・湿原・原野,別寒辺牛湿原,B
109,東北,青森,十和田市,自然,高原・湿原・原野,谷地湿原,B
110,東北,岩手,八幡平市/鹿角市/他,自然,高原・湿原・原野,八幡平,A
111,東北,岩手,久慈市,自然,高原・湿原・原野,平庭高原,B
112,東北,岩手,岩泉町/盛岡市,自然,高原・湿原・原野,早坂高原,B
113,東北,岩手,住田町/遠野市/他,自然,高原・湿原・原野,種山ヶ原,B
114,東北,宮城,七ヶ宿町,自然,高原・湿原・原野,芝草平,B
115,東北,福島,北塩原村,自然,高原・湿原・原野,雄国沼湿原,A
116,東北,福島,南会津町,自然,高原・湿原・原野,田代山湿原,B
117,北関東,栃木,日光市,自然,高原・湿原・原野,戦場ヶ原・小田代ヶ原,A
118,北関東,栃木,日光市,自然,高原・湿原・原野,鬼怒沼湿原,A
119,北関東,栃木,鹿沼市,自然,高原・湿原・原野,古峯ヶ原高原,B
120,北関東,群馬,片品村,自然,高原・湿原・原野,アヤメ平,B
121,南関東,神奈川,箱根町,自然,高原・湿原・原野,仙石原高原,B
122,北陸,新潟,妙高市,自然,高原・湿原・原野,天狗の庭湿原,B
123,北陸,新潟,妙高市,自然,高原・湿原・原野,高谷池湿原,B
124,北陸,富山,富山市,自然,高原・湿原・原野,雲ノ平,A
125,東海,長野,山ノ内町,自然,高原・湿原・原野,志賀高原,B
126,東海,長野,松本市/上田市/他,自然,高原・湿原・原野,美ヶ原高原,B
127,東海,長野,小谷村,自然,高原・湿原・原野,栂池高原,B
128,東海,長野,松本市,自然,高原・湿原・原野,乗鞍高原,B
129,東海,長野,諏訪市,自然,高原・湿原・原野,霧ヶ峰高原,B
130,中国,岡山,真庭市,自然,高原・湿原・原野,蒜山高原,B
131,九州,熊本,阿蘇市,自然,高原・湿原・原野,草千里,A
132,九州,熊本,南小国町/産山村/他,自然,高原・湿原・原野,瀬ノ本高原,B
133,九州,大分,九重町/竹田市,自然,高原・湿原・原野,久住高原・飯田高原,A
134,九州,大分,竹田市,自然,高原・湿原・原野,坊がつる湿原,B
135,九州,宮崎,えびの市,自然,植物,えびの高原のミヤマキリシマ,B
136,九州,鹿児島,屋久町,自然,高原・湿原・原野,花之江河湿原,B
137,北海道,北海道,弟子屈町,自然,湖沼,摩周湖,A
138,北海道,北海道,弟子屈町,自然,湖沼,屈斜路湖,A
139,北海道,北海道,千歳市,自然,湖沼,支笏湖,A
140,北海道,北海道,洞爺湖町/壮瞥町,自然,湖沼,洞爺湖,A
141,北海道,北海道,七飯町,自然,湖沼,大沼,A
142,北海道,北海道,釧路市,自然,湖沼,阿寒湖沼群,A
143,北海道,北海道,斜里町,自然,湖沼,知床五湖,A
144,北海道,北海道,白老町,自然,湖沼,倶多楽湖,B
145,北海道,北海道,羅臼町,自然,湖沼,羅臼湖,B
146,北海道,北海道,千歳市,自然,湖沼,オコタンペ湖,B
147,北海道,北海道,幌加内町,自然,湖沼,朱鞠内湖,B
148,北海道,北海道,根室市/別海町,自然,湖沼,風蓮湖,B
149,北海道,北海道,足寄町,自然,湖沼,オンネトウ湖,B
150,北海道,北海道,佐呂間町/湧別町/他,自然,湖沼,サロマ湖,B
151,北海道,北海道,浜頓別町,自然,湖沼,クッチャロ湖,B
152,北海道,北海道,苫小牧市,自然,動物,ウトナイ湖の渡り鳥,B
153,北海道,北海道,網走市/大空町,自然,湖沼,網走湖,B
154,北海道,北海道,鹿追町/上士幌町,自然,湖沼,然別湖,B
155,東北,青森,十和田市,自然,湖沼,蔦の七沼,B
156,東北,青森,深浦町,自然,湖沼,十二湖,B
157,東北,青森,むつ市,自然,湖沼,宇曽利山湖,B
158,東北,青森,三沢市,自然,高原・湿原・原野,仏沼,B
159,東北,青森,五所川原市,自然,湖沼,十三湖,B
160,東北,岩手,盛岡市,自然,湖沼,岩洞湖,B
161,東北,宮城,登米市/栗原市,自然,動物,伊豆沼・内沼・蕪栗沼・化女沼の渡り鳥,B
162,東北,秋田,仙北市,自然,湖沼,田沢湖,B
163,東北,福島,北塩原村,自然,湖沼,裏磐梯湖沼群,A
164,東北,福島,郡山市/猪苗代町/他,自然,湖沼,猪苗代湖,B
165,北関東,茨城,行方市/土浦市/他,自然,湖沼,霞ヶ浦,B
166,北関東,栃木,日光市,自然,湖沼,中禅寺湖,A
167,北関東,栃木,日光市,自然,湖沼,湯ノ湖,B
168,北関東,栃木,栃木市/板倉町/他,自然,湖沼,渡良瀬遊水池,B
169,北関東,群馬,みなかみ町,自然,湖沼,奥利根湖,B
170,北関東,群馬,中之条町,自然,湖沼,野反湖,B
171,北関東,群馬,高崎市,自然,湖沼,榛名湖,B
172,北関東,群馬,前橋市,自然,湖沼,大沼・小沼,B
173,北関東,群馬,片品村,自然,湖沼,菅沼,B
174,北関東,群馬,片品村/檜枝岐村,自然,湖沼,尾瀬沼,B
175,南関東,千葉,柏市/我孫子市/他,自然,湖沼,手賀沼,B
176,南関東,神奈川,箱根町,自然,湖沼,芦ノ湖,A
177,南関東,神奈川,清川村/相模原市/他,自然,湖沼,宮ヶ瀬湖,B
178,北陸,新潟,佐渡市,自然,湖沼,加茂湖,B
179,北陸,新潟,新潟市,自然,湖沼,福島潟,B
180,北陸,新潟,新潟市,自然,湖沼,佐潟,B
181,北陸,富山,立山町/富山市,自然,湖沼,黒部湖,B
182,北陸,石川,加賀市,人文,郷土景観,片野鴨池の坂網猟,B
183,北陸,福井,美浜町/若狭町,自然,湖沼,三方五湖,A
184,北陸,福井,敦賀市,自然,湖沼,中池見湿地,B
185,東海,山梨,富士河口湖町/山中湖村/他,自然,湖沼,富士五湖,A
186,東海,長野,松本市,自然,湖沼,大正池,B
187,東海,長野,大町市,自然,湖沼,仁科三湖,B
188,東海,長野,諏訪市/下諏訪町/他,自然,湖沼,諏訪湖,B
189,東海,長野,信濃町,自然,湖沼,野尻湖,B
190,東海,長野,佐久穂町/小海町,自然,湖沼,白駒池,B
191,東海,静岡,浜松市/湖西市,自然,湖沼,浜名湖,B
192,北関西,滋賀,高島市/長浜市/他,自然,湖沼,琵琶湖,A
193,北関西,滋賀,長浜市,自然,湖沼,余呉湖,B
194,九州,鹿児島,指宿市,自然,湖沼,池田湖,B
195,九州,鹿児島,薩摩川内市,自然,湖沼,藺牟田池,B
196,北海道,北海道,上川町,自然,河川・峡谷,層雲峡,A
197,北海道,北海道,音威子府村/天塩町/他,自然,河川・峡谷,天塩川,A
198,北海道,北海道,滝川市/石狩市/他,自然,河川・峡谷,石狩川,A
199,北海道,北海道,東川町,自然,河川・峡谷,天人峡,B
200,東北,青森,十和田市,自然,河川・峡谷,奥入瀬渓流,S
201,東北,青森,むつ市,自然,河川・峡谷,薬研渓流,B
202,東北,青森,青森市,自然,河川・峡谷,城ヶ倉渓流,B
203,東北,岩手,滝沢市/盛岡市/他,自然,河川・峡谷,北上川,A
204,東北,岩手,一関市,自然,河川・峡谷,猊鼻渓,B
205,東北,岩手,久慈市,自然,河川・峡谷,久慈渓流,B
206,東北,宮城,大崎市,自然,河川・峡谷,鳴子峡,A
207,東北,宮城,蔵王町,自然,河川・峡谷,澄川渓谷,B
208,東北,宮城,登米市/石巻市/他,自然,河川・峡谷,北上川（下流）,B
209,東北,秋田,横手市/大仙市/他,自然,河川・峡谷,雄物川,B
210,東北,山形,長井市/戸沢村/他,自然,河川・峡谷,最上川,A
211,東北,福島,只見町/柳津町/他,自然,河川・峡谷,只見川,B
212,北関東,茨城,水戸市/ひたちなか市/大洗町/他,自然,河川・峡谷,那珂川,B
213,北関東,栃木,日光市,自然,河川・峡谷,龍王峡,B
214,北関東,群馬,みなかみ町,自然,河川・峡谷,照葉峡,B
215,北関東,群馬,東吾妻町/長野原町,自然,河川・峡谷,吾妻峡,B
216,南関東,埼玉,秩父市,自然,河川・峡谷,中津峡,B
217,南関東,埼玉,長瀞町/寄居町,自然,河川・峡谷,長瀞峡,B
218,南関東,千葉,河内町/香取市/他,自然,河川・峡谷,利根川（下流）,B
219,北陸,新潟,西会津町/阿賀町/他,自然,河川・峡谷,阿賀野川,A
220,北陸,新潟,白馬村/小谷村/糸魚川市,自然,河川・峡谷,姫川,B
221,北陸,新潟,十日町市,自然,河川・峡谷,清津峡,B
222,北陸,新潟,関川村,自然,河川・峡谷,荒川峡,B
223,北陸,新潟,小千谷市/十日町市/燕市/新潟市/他,自然,河川・峡谷,信濃川,B
224,北陸,富山,黒部市,自然,河川・峡谷,黒部峡谷,S
225,北陸,富山,立山町,自然,岩石・洞窟,悪城の壁,B
226,北陸,富山,砺波市,自然,河川・峡谷,庄川峡,B
227,北陸,富山,富山市,自然,河川・峡谷,神通峡,B
228,北陸,富山,富山市/立山町,自然,河川・峡谷,常願寺川,B
229,北陸,石川,白山市,自然,河川・峡谷,手取峡谷,B
230,東海,山梨,山梨市,自然,河川・峡谷,西沢渓谷,A
231,東海,山梨,甲府市,自然,河川・峡谷,昇仙峡,A
232,東海,山梨,南アルプス市,自然,河川・峡谷,白鳳渓谷,B
233,東海,長野,飯山市/小諸市/他,自然,河川・峡谷,千曲川（飯山周辺）,B
234,東海,長野,小諸市,自然,河川・峡谷,千曲川（小諸周辺）,B
235,東海,長野,上松町,自然,河川・峡谷,寝覚の床,B
236,東海,長野,飯田市/天龍村/他,自然,河川・峡谷,天竜川（上流部）,B
237,東海,長野,松本市,自然,河川・峡谷,梓川(沢渡周辺）,B
238,東海,長野,松本市,自然,河川・峡谷,梓川（上高地）,B
239,北陸,岐阜,郡上市/岐阜市/他,自然,河川・峡谷,長良川（上流部）,B
240,東海,静岡,川根本町,自然,河川・峡谷,寸又峡,B
241,東海,静岡,静岡市/川根本町/他,自然,河川・峡谷,大井川,B
242,南関西,三重,大台町,自然,河川・峡谷,大杉谷,A
243,北関西,京都,亀岡市/京都市,自然,河川・峡谷,保津川,B
244,北関西,京都,京都市,自然,河川・峡谷,鴨川,B
245,南関西,和歌山,新宮市/熊野市/他,自然,河川・峡谷,瀞峡,A
246,南関西,和歌山,橋本市/紀の川市/他,自然,河川・峡谷,紀の川,B
247,中国,島根,邑南町,自然,河川・峡谷,断魚渓,B
248,中国,島根,邑南町/江津市,自然,河川・峡谷,千丈渓,B
249,中国,島根,出雲市,自然,河川・峡谷,立久恵峡,B
250,中国,島根,益田市,自然,河川・峡谷,裏匹見峡,B
251,中国,広島,安芸太田町,自然,河川・峡谷,三段峡,A
252,中国,広島,庄原市/神石高原町,自然,河川・峡谷,帝釈峡,B
253,中国,広島,北広島町/三次市/他,自然,河川・峡谷,江の川,B
254,中国,山口,岩国市,自然,河川・峡谷,寂地峡,B
255,中国,山口,山口市/萩市,自然,河川・峡谷,長門峡,B
256,中国,山口,下関市,自然,河川・峡谷,石柱渓,B
257,四国,徳島,三好市,自然,河川・峡谷,祖谷渓,B
258,四国,徳島,三好市/吉野川市/他,自然,河川・峡谷,吉野川,B
259,四国,徳島,三好市,自然,河川・峡谷,大歩危小歩危,B
260,四国,愛媛,西条市,自然,河川・峡谷,高瀑渓,B
261,四国,愛媛,宇和島市/松野町,自然,河川・峡谷,滑床渓谷,B
262,四国,愛媛,久万高原町,自然,河川・峡谷,面河渓,B
263,四国,高知,四万十市/四万十町/他,自然,河川・峡谷,四万十川,A
264,九州,熊本,阿蘇市/菊池市,自然,河川・峡谷,菊池渓谷,A
265,九州,熊本,人吉市,自然,河川・峡谷,球磨川（人吉付近）,B
266,九州,熊本,八代市,自然,河川・峡谷,五木・五家荘渓谷,B
267,九州,大分,中津市,自然,河川・峡谷,耶馬渓,A
268,九州,宮崎,高千穂町,自然,河川・峡谷,高千穂峡,A
269,九州,沖縄,竹富町,自然,河川・峡谷,浦内川,A
270,九州,沖縄,竹富町,自然,河川・峡谷,仲間川,B
271,北海道,北海道,斜里町,自然,滝,オシンコシンの滝,B
272,北海道,北海道,斜里町,自然,滝,カムイワッカの滝,B
273,東北,青森,十和田市,自然,滝,松見の滝,B
274,東北,青森,西目屋村,自然,滝,暗門の滝,B
275,東北,宮城,仙台市,自然,滝,秋保大滝,B
276,東北,秋田,にかほ市,自然,滝,奈曽の白滝,B
277,東北,秋田,由利本荘市,自然,滝,法体の滝,B
278,東北,福島,檜枝岐村,自然,滝,平滑の滝,B
279,北関東,茨城,大子町,自然,滝,袋田の滝,A
280,北関東,栃木,日光市,自然,滝,華厳滝,A
281,北関東,栃木,日光市,自然,滝,竜頭滝,B
282,北関東,栃木,日光市,自然,滝,霧降ノ滝,B
283,北関東,栃木,日光市,自然,滝,湯滝,B
284,北関東,群馬,沼田市,自然,滝,吹割の滝,B
285,北陸,富山,立山町,自然,滝,称名滝,A
286,東海,長野,南木曽町,自然,滝,田立ノ滝,B
287,東海,長野,須坂市,自然,滝,米子滝（不動滝・権現滝）,B
288,東海,長野,軽井沢町,自然,滝,白糸の滝,B
289,東海,静岡,富士宮市,自然,滝,白糸の滝,B
290,南関西,三重,名張市,自然,滝,赤目四十八滝,B
291,中国,兵庫,養父市,自然,河川・峡谷,天滝渓谷,B
292,南関西,和歌山,那智勝浦町,自然,滝,那智滝,A
293,中国,岡山,真庭市,自然,滝,神庭の滝,B
294,九州,佐賀,小城市,自然,滝,清水の滝,B
295,九州,大分,玖珠町,自然,滝,西椎屋の滝,B
296,九州,宮崎,都農町,自然,滝,尾鈴山瀑布群,B
297,九州,宮崎,延岡市,自然,滝,行縢の滝,B
298,九州,鹿児島,伊佐市,自然,滝,曽木の滝,B
299,北海道,北海道,斜里町/羅臼町,自然,海岸・岬,知床半島の海岸,A
300,北海道,北海道,網走市,自然,海岸・岬,能取岬,B
301,北海道,北海道,稚内市,自然,海岸・岬,宗谷岬,B
302,北海道,北海道,稚内市,自然,海岸・岬,ノシャップ岬,B
303,北海道,北海道,根室市,自然,海岸・岬,納沙布岬,B
304,北海道,北海道,神恵内村/積丹町/他,自然,海岸・岬,積丹半島の海岸,B
305,北海道,北海道,小清水町,自然,植物,小清水原生花園,B
306,北海道,北海道,えりも町,自然,海岸・岬,襟裳岬,B
307,北海道,北海道,標津町/別海町,自然,海岸・岬,野付半島,B
308,東北,青森,佐井村,自然,海岸・岬,仏ヶ浦,A
309,東北,青森,八戸市,自然,海岸・岬,種差海岸,B
310,東北,青森,外ヶ浜町,自然,海岸・岬,竜飛崎,B
311,東北,青森,中泊町,自然,海岸・岬,権現崎,B
312,東北,青森,東通村,自然,海岸・岬,尻屋崎,B
313,東北,岩手,田野畑村,自然,海岸・岬,北山崎,S
314,東北,岩手,宮古市,自然,海岸・岬,浄土ヶ浜,A
315,東北,岩手,大船渡市,自然,海岸・岬,碁石海岸・碁石岬,B
316,東北,岩手,田野畑村,自然,海岸・岬,鵜ノ巣断崖,B
317,東北,岩手,普代村,自然,海岸・岬,黒崎,B
318,東北,宮城,松島町/利府町,自然,海岸・岬,松島,A
319,東北,宮城,気仙沼市,自然,海岸・岬,巨釜半造,B
320,東北,秋田,男鹿市,自然,海岸・岬,男鹿西海岸,B
321,北関東,茨城,北茨城市,自然,海岸・岬,五浦海岸,B
322,南関東,千葉,銚子市,自然,海岸・岬,犬吠崎,B
323,南関東,千葉,九十九里町/一宮町/他,自然,海岸・岬,九十九里浜,B
324,南関東,千葉,習志野市,自然,湖沼,谷津干潟,B
325,東京,東京,小笠原村,自然,海岸・岬,南島,A
326,東京,東京,新島村,自然,海岸・岬,羽伏浦海岸,B
327,東京,東京,三宅村,自然,海岸・岬,サタドー岬,B
328,東京,東京,小笠原村,自然,海岸・岬,長崎・兄島瀬戸,B
329,東京,東京,御蔵島村,自然,海岸・岬,黒崎高尾山断崖,B
330,北陸,新潟,村上市,自然,海岸・岬,笹川流,B
331,北陸,新潟,佐渡市,自然,海岸・岬,外海府海岸,B
332,北陸,新潟,佐渡市,自然,海岸・岬,尖閣湾,B
333,東京,東京,船橋市/市川市/他,自然,海岸・岬,三番瀬,B
334,北陸,新潟,糸魚川市,自然,海岸・岬,親不知,B
335,北陸,石川,羽咋市/宝達志水町,自然,海岸・岬,千里浜海岸,B
336,北陸,石川,能登町,自然,海岸・岬,九十九湾,B
337,北陸,石川,珠洲市,自然,岩石・洞窟,見附島,B
338,北陸,福井,敦賀市,自然,海岸・岬,気比の松原,B
339,北陸,福井,坂井市,自然,海岸・岬,東尋坊,B
340,北陸,福井,美浜町,自然,海岸・岬,敦賀半島西岸,B
341,東海,静岡,静岡市,自然,海岸・岬,三保の松原,B
342,東海,静岡,伊東市,自然,海岸・岬,城ヶ崎海岸,B
343,東海,静岡,下田市,自然,植物,爪木崎のスイセン,B
344,東海,静岡,西伊豆町,自然,海岸・岬,堂ヶ島海岸,B
345,東海,静岡,御前崎市,自然,海岸・岬,浜岡砂丘,B
346,東海,静岡,南伊豆町,自然,海岸・岬,南伊豆の海岸（石廊崎～波勝崎）,B
347,東海,愛知,田原市,自然,海岸・岬,恋路ヶ浜・伊良湖岬,B
348,南関西,三重,志摩市,自然,海岸・岬,英虞湾,A
349,南関西,三重,南伊勢町,自然,海岸・岬,五ヶ所湾,B
350,南関西,三重,志摩市,自然,海岸・岬,大王崎,B
351,北関西,滋賀,大津市,自然,海岸・岬,雄松崎（近江舞子）,B
352,北関西,京都,宮津市,自然,海岸・岬,天橋立,A
353,中国,兵庫,香美町,自然,海岸・岬,香住海岸,B
354,中国,兵庫,香美町/新温泉町,自然,海岸・岬,但馬御火浦,B
355,南関西,和歌山,由良町,自然,海岸・岬,白崎海岸,B
356,南関西,和歌山,白浜町,自然,海岸・岬,千畳敷,B
357,南関西,和歌山,白浜町,自然,海岸・岬,白良浜海岸,B
358,南関西,和歌山,串本町,自然,海岸・岬,潮岬,B
359,中国,鳥取,鳥取市,自然,海岸・岬,鳥取砂丘,A
360,中国,鳥取,境港市/米子市,自然,海岸・岬,弓ガ浜,B
361,中国,鳥取,岩美町,自然,海岸・岬,浦富海岸,B
362,中国,島根,西ノ島町,自然,海岸・岬,国賀海岸,A
363,中国,島根,浜田市,自然,海岸・岬,石見畳ガ浦,B
364,中国,島根,隠岐の島町,自然,海岸・岬,白島海岸,B
365,中国,広島,福山市,自然,海岸・岬,鞆ノ浦,B
366,四国,愛媛,伊方町,自然,海岸・岬,佐田岬,B
367,四国,高知,土佐清水市,自然,海岸・岬,足摺岬,A
368,四国,高知,大月町,自然,海岸・岬,大堂海岸,B
369,四国,高知,高知市,自然,海岸・岬,桂浜,B
370,四国,高知,室戸市,自然,海岸・岬,室戸岬,B
371,九州,佐賀,唐津市,自然,海岸・岬,虹の松原海岸,B
372,九州,長崎,佐世保市/平戸市,自然,海岸・岬,九十九島,A
373,九州,長崎,五島市,自然,海岸・岬,大瀬崎断崖,A
374,九州,長崎,対馬市,自然,海岸・岬,浅茅湾,A
375,九州,長崎,新上五島町,自然,海岸・岬,若松瀬戸,B
376,九州,長崎,平戸市,自然,海岸・岬,塩俵の断崖,B
377,九州,熊本,天草市/苓北町,自然,海岸・岬,天草西海岸,B
378,九州,熊本,上天草市,自然,海岸・岬,天草松島,B
379,九州,熊本,荒尾市,自然,海岸・岬,荒尾干潟,B
380,九州,宮崎,宮崎市/日南市/他,自然,海岸・岬,日南海岸,B
381,九州,鹿児島,与論町,自然,海岸・岬,大金久海岸・百合ケ浜,A
382,九州,鹿児島,薩摩川内市,自然,海岸・岬,長目の浜,B
383,九州,鹿児島,日置市/南さつま市/他,自然,海岸・岬,吹上浜,B
384,九州,鹿児島,南大隅町,自然,海岸・岬,佐多岬,B
385,九州,鹿児島,知名町,自然,海岸・岬,田皆岬,B
386,九州,沖縄,読谷村/恩納村,自然,海岸・岬,沖縄本島中部から北部にかけた西側の砂浜群,A
387,九州,沖縄,竹富町,自然,海岸・岬,新城島の海岸,A
388,九州,沖縄,渡嘉敷村/座間味村,自然,海岸・岬,慶良間諸島の海岸,S
389,九州,沖縄,久米島町,自然,海岸・岬,ハテの浜,A
390,九州,沖縄,石垣市,自然,海岸・岬,川平湾,A
391,九州,沖縄,宮古島市,自然,海岸・岬,与那覇前浜,A
392,九州,沖縄,宮古島市,自然,海岸・岬,東平安名岬,A
393,九州,沖縄,竹富町,自然,海岸・岬,波照間島の海岸,A
394,九州,沖縄,伊平屋村/伊是名村,自然,海岸・岬,伊平屋島・伊是名島の海岸（野甫米岬・二見ヶ浦),A
395,九州,沖縄,国頭村,自然,海岸・岬,茅打ちバンタ・辺戸岬,B
396,九州,沖縄,恩納村,自然,海岸・岬,万座毛,B
397,九州,沖縄,与那国町,自然,海岸・岬,東崎(与那国島),B
398,九州,沖縄,石垣市,自然,海岸・岬,底地,B
399,九州,沖縄,竹富町,自然,海岸・岬,コンドイ,B
400,九州,沖縄,石垣市/竹富町,自然,海岸・岬,石西礁湖およびその周辺の海岸,B
401,北海道,北海道,奥尻町,自然,岩石・洞窟,鍋釣岩,B
402,東北,岩手,岩泉町,自然,岩石・洞窟,龍泉洞,A
403,東北,岩手,住田町,自然,岩石・洞窟,滝観洞,B
404,東北,岩手,八幡平市,自然,岩石・洞窟,岩手山焼走り熔岩流,B
405,東北,岩手,岩泉町,自然,岩石・洞窟,安家洞,B
406,東北,宮城,仙台市,自然,岩石・洞窟,磐司岩,B
407,東北,秋田,湯沢市,自然,岩石・洞窟,川原毛地獄,B
408,東北,福島,田村市,自然,岩石・洞窟,入水鍾乳洞,B
409,東北,福島,田村市,自然,岩石・洞窟,あぶくま洞,B
410,北関東,群馬,嬬恋村,自然,岩石・洞窟,鬼押出,A
411,東京,東京,大島町,自然,岩石・洞窟,三原山溶岩群,A
412,東京,東京,三宅村,自然,岩石・洞窟,三宅島溶岩群,B
413,北陸,福井,小浜市,自然,岩石・洞窟,若狭蘇洞門,B
414,北陸,岐阜,高山市,自然,岩石・洞窟,飛騨大鍾乳洞,B
415,北陸,岐阜,本巣市,自然,岩石・洞窟,根尾谷断層,B
416,東海,静岡,御殿場市,自然,岩石・洞窟,駒門風穴,B
417,南関西,三重,熊野市,自然,海岸・岬,熊野灘海蝕海岸・鬼ヶ城,B
418,北関西,滋賀,多賀町,自然,岩石・洞窟,河内の風穴,B
419,中国,兵庫,淡路市,自然,岩石・洞窟,野島断層,B
420,南関西,和歌山,白浜町,自然,岩石・洞窟,三段壁,B
421,南関西,和歌山,串本町,自然,岩石・洞窟,橋杭岩,B
422,中国,島根,松江市,自然,岩石・洞窟,多古七ッ穴,B
423,中国,島根,松江市,自然,岩石・洞窟,加賀の潜戸,B
424,中国,島根,知夫村,自然,岩石・洞窟,知夫赤壁,B
425,中国,島根,隠岐の島町,自然,岩石・洞窟,屏風岩,B
426,中国,岡山,新見市,自然,岩石・洞窟,満奇洞,B
427,中国,岡山,倉敷市,自然,岩石・洞窟,象岩,B
428,中国,岡山,新見市/真庭市,自然,岩石・洞窟,阿哲台,B
429,中国,山口,美祢市,自然,岩石・洞窟,秋芳洞・秋吉台,A
430,中国,山口,美祢市,自然,岩石・洞窟,大正洞,B
431,中国,山口,美祢市,自然,岩石・洞窟,景清穴,B
432,中国,山口,長門市,自然,海岸・岬,青海島,B
433,四国,徳島,阿波市,自然,岩石・洞窟,阿波の土桂,B
434,四国,愛媛,久万高原町,自然,岩石・洞窟,八釜の甌穴群,B
435,四国,愛媛,久万高原町/津野町/他,自然,岩石・洞窟,四国カルスト,B
436,四国,高知,土佐清水市,自然,岩石・洞窟,竜串・見残し,B
437,四国,高知,安芸市,自然,岩石・洞窟,伊尾木洞,B
438,四国,高知,香美市,自然,岩石・洞窟,龍河洞,B
439,九州,福岡,糸島市,自然,岩石・洞窟,芥屋大門,B
440,九州,福岡,北九州市/苅田町/他,自然,岩石・洞窟,平尾台,B
441,九州,福岡,北九州市,自然,岩石・洞窟,千仏鍾乳洞,B
442,九州,長崎,雲仙市,自然,岩石・洞窟,普賢岳溶岩流,A
443,九州,長崎,五島市,自然,岩石・洞窟,福江火山群,B
444,九州,長崎,五島市,自然,岩石・洞窟,嵯峨島火山海蝕崖,B
445,九州,長崎,五島市,自然,海岸・岬,男女群島海岸,B
446,九州,熊本,球磨村,自然,岩石・洞窟,球泉洞,B
447,九州,大分,臼杵市,自然,岩石・洞窟,風連鍾乳洞,B
448,九州,宮崎,宮崎市,自然,岩石・洞窟,青島の隆起海床と奇形波蝕痕,B
449,九州,宮崎,都城市,自然,岩石・洞窟,関の尾の甌穴,B
450,九州,鹿児島,知名町,自然,岩石・洞窟,昇竜洞,B
451,九州,鹿児島,知名町,自然,岩石・洞窟,大山水鏡洞,B
452,九州,鹿児島,知名町,自然,岩石・洞窟,水連洞,B
453,九州,沖縄,南城市,自然,岩石・洞窟,玉泉洞,A
454,九州,沖縄,久米島町,自然,岩石・洞窟,久米島畳石(久),B
455,北海道,北海道,釧路市/鶴居村/他,自然,動物,釧路湿原のタンチョウヅル,A
456,北海道,北海道,斜里町/羅臼町,自然,動物,知床のオジロワシ・オオワシ,B
457,北海道,北海道,羽幌町,自然,動物,天売島海鳥,B
458,北海道,北海道,厚岸町,自然,動物,大黒島の海鳥,B
459,北海道,北海道,根室市,自然,動物,ユルリ島モユルリ島の海鳥,B
460,東北,青森,八戸市,自然,動物,蕪島のウミネコ,A
461,東北,青森,平内町,自然,動物,浅所海岸の白鳥,B
462,南関東,千葉,鴨川市,自然,動物,鯛の浦のタイ,B
463,東京,東京,小笠原村,自然,動物,小笠原のクジラ・イルカ,A
464,東京,東京,御蔵島村,自然,動物,御蔵島のイルカ,A
465,東京,東京,小笠原村,自然,動物,小笠原のアオウミガメの産卵,B
466,北陸,新潟,佐渡市,自然,動物,佐渡のトキ,A
467,北陸,新潟,阿賀野市,自然,動物,瓢湖の白鳥,B
468,北陸,富山,立山町,自然,動物,立山のライチョウ,A
469,東海,長野,山ノ内町,自然,動物,地獄谷野猿公苑のサル,A
470,東海,静岡,南伊豆町,自然,動物,波勝崎のサル,B
471,北関西,滋賀,米原市,自然,動物,長岡のゲンジボタル,B
472,中国,兵庫,豊岡市,自然,動物,豊岡のコウノトリ,A
473,南関西,奈良,奈良市,自然,動物,奈良のシカ,A
474,中国,山口,周南市,自然,動物,八代のツル,B
475,四国,徳島,美波町,自然,動物,大浜海岸のアカウミガメ,B
476,四国,高知,四万十市/室戸市/他,自然,動物,土佐湾のクジラ,B
477,九州,大分,大分市,自然,動物,高崎山のサル,B
478,九州,宮崎,串間市,自然,動物,幸島のサル,B
479,九州,宮崎,串間市,自然,動物,都井岬の岬馬,B
480,九州,鹿児島,出水市,自然,動物,出水のツル,A
481,九州,鹿児島,屋久島町,自然,動物,永田いなか浜のウミガメ,A
482,九州,沖縄,座間味村,自然,動物,座間味のクジラ,B
483,九州,沖縄,与那国町,自然,動物,与那国の与那国馬,B
484,北海道,北海道,礼文町,自然,植物,礼文島の高山植物群落,A
485,北海道,北海道,小清水町,自然,植物,涛沸湖畔の原生花園,B
486,北海道,北海道,新ひだか町,自然,植物,二十間道路の桜並木,B
487,北海道,北海道,滝上町,自然,植物,滝上公園シバザクラ,B
488,北海道,北海道,松前町,自然,植物,松前のサクラ,B
489,北海道,北海道,釧路市,自然,植物,阿寒湖のマリモ,B
490,北海道,北海道,網走市,自然,植物,能取湖畔のアッケシソウ,B
491,北海道,北海道,札幌市,自然,植物,札幌のライラック,B
492,北海道,北海道,様似町,自然,植物,アポイ岳高山植物群落,B
493,東北,青森,弘前市,自然,植物,弘前城のサクラ,A
494,東北,青森,五所川原市,自然,植物,県立芦野公園のサクラ,B
495,東北,青森,青森市,自然,植物,馬場山のアカマツ巨樹,B
496,東北,青森,青森市　他,自然,植物,八甲田のブナ林,B
497,東北,岩手,北上市,自然,植物,北上市立公園展勝地のサクラ,A
498,東北,岩手,雫石町,自然,植物,小岩井農場の一本桜,B
499,東北,宮城,柴田町/大河原町,自然,植物,白石川堤のサクラ（一目千本ザクラ）,B
500,東北,秋田,能代市,自然,植物,仁鮒水沢スギ植物群落,B
501,東北,秋田,秋田市,自然,植物,阿仁のブナ林,B
502,東北,秋田,仙北市,自然,植物,桧木内川堤の吉野ザクラ,B
503,東北,秋田,仙北市,自然,植物,抱返り渓谷の紅葉,B
504,東北,秋田,横手市,自然,植物,真人公園のサクラ,B
505,東北,秋田,秋田市,自然,植物,めおと杉,B
506,東北,山形,山形市/天童市/寒河江市/上山市/米沢市/酒田市/河北町/山辺町/白鷹町,自然,植物,ベニバナ（高瀬・横根・出羽）,B
507,東北,山形,東根市,自然,植物,東根の大ケヤキ,B
508,東北,山形,南陽市,自然,植物,烏帽子山公園のサクラ,B
509,東北,山形,真室川町,自然,植物,滝の沢の一本杉,B
510,東北,福島,三春町,自然,植物,三春滝ザクラ,A
511,東北,福島,福島市,自然,植物,花見山の花木,B
512,東北,福島,須賀川市,自然,植物,須賀川牡丹園,B
513,東北,福島,古殿町,自然,植物,越代のサクラ,B
514,北関東,茨城,日立市,自然,植物,かみね公園・平和通りのサクラ,B
515,北関東,栃木,日光市,自然,植物,日光杉並木,S
516,北関東,栃木,足利市,自然,植物,あしかがフラワーパークのフジ,B
517,北関東,栃木,日光市,自然,植物,霧降高原のニッコウキスゲ,B
518,北関東,栃木,那須町,自然,植物,那須高原ツツジ群落,B
519,北関東,栃木,宇都宮市/日光市,自然,植物,日光街道桜並木のサクラ,B
520,北関東,群馬,高崎市,人文,郷土景観,榛名梅林,B
521,北関東,群馬,前橋市,自然,植物,赤城南面千本ザクラ,B
522,北関東,群馬,嬬恋村,自然,植物,湯ノ丸レンゲツツジ群落,B
523,北関東,群馬,館林市,自然,植物,つつじガ岡公園のつつじ,B
524,北関東,群馬,藤岡市,自然,植物,桜山公園のサクラ,B
525,南関東,埼玉,幸手市,自然,植物,権現堂の桜堤,B
526,南関東,埼玉,越生町,人文,郷土景観,越生梅林,B
527,南関東,埼玉,春日部市,自然,植物,牛島のフジ,B
528,南関東,埼玉,熊谷市,自然,植物,熊谷桜堤のサクラ,B
529,南関東,埼玉,長瀞町,自然,植物,長瀞のサクラ,B
530,南関東,埼玉,さいたま市,自然,植物,田島ケ原のサクラソウ,B
531,南関東,千葉,茂原市,自然,植物,茂原公園のサクラ,B
532,南関東,千葉,大多喜町,自然,植物,麻綿原のアジサイ,B
533,南関東,千葉,野田市,自然,植物,清水公園のサクラ,B
534,東京,東京,千代田区,自然,植物,千鳥ヶ淵・牛ヶ淵のサクラ,A
535,東京,東京,台東区,自然,植物,上野恩賜公園のサクラ,B
536,東京,東京,新宿区,自然,植物,絵画館前イチョウ並木,B
537,東京,東京,利島村,自然,植物,利島のツバキ,B
538,東京,東京,北区,自然,植物,飛鳥山公園のサクラ,B
539,東京,東京,大島町,自然,植物,大島のツバキ,B
540,東京,東京,八王子市,自然,植物,甲州街道イチョウ並木,B
541,東京,東京,港区/渋谷区,自然,植物,表参道ケヤキ並木,B
542,東京,東京,府中市,自然,植物,馬場大門ケヤキ並木,B
543,南関東,神奈川,横浜市,自然,植物,県立三ッ池公園のサクラ,B
544,南関東,神奈川,横須賀市,自然,植物,衣笠山公園のサクラ,B
545,南関東,神奈川,小田原市,人文,郷土景観,曽我梅林,B
546,北陸,新潟,佐渡市,自然,植物,大野亀の黄花カンゾウ,B
547,北陸,新潟,上越市,自然,植物,高田城跡のサクラ,B
548,北陸,新潟,田上町,自然,植物,護摩堂山のアジサイ,B
549,北陸,新潟,燕市,自然,植物,大河津分水のサクラ,B
550,北陸,新潟,五泉市,自然,植物,村松公園のサクラ,B
551,北陸,富山,高岡市,自然,植物,高岡古城公園のサクラ,B
552,北陸,富山,魚津市,自然,植物,富山湾の埋没林,B
553,北陸,富山,立山町,自然,植物,美女平の立山杉,B
554,北陸,富山,富山市,自然,植物,松川のサクラ,B
555,北陸,福井,福井市,自然,植物,足羽川・足羽山公園のサクラ,B
556,北陸,福井,福井市/越前町/他,自然,植物,越前海岸の水仙,B
557,東海,山梨,富士河口湖町/鳴沢村,自然,植物,青木ヶ原の樹海,A
558,東海,長野,諏訪市,自然,植物,霧ヶ峰のニッコウキスゲ,A
559,東海,長野,伊那市,自然,植物,高遠のサクラ,A
560,東海,長野,木島平村,自然,植物,カヤの平のブナ林,B
561,東海,長野,軽井沢町,自然,植物,旧軽井沢のカラマツ並木,B
562,東海,長野,白馬村/糸魚川市/他,自然,植物,白馬連山高山植物帯,B
563,北陸,岐阜,高山市,自然,植物,荘川桜,B
564,北陸,岐阜,本巣市,自然,植物,根尾谷の淡墨ザクラ,B
565,北陸,岐阜,郡上市,自然,植物,石徹白のスギ,B
566,北陸,岐阜,各務原市,自然,植物,新境川堤のサクラ,B
567,北陸,岐阜,海津市,自然,植物,千本松原,B
568,東海,静岡,下田市,自然,植物,下田公園のアジサイ,B
569,東海,静岡,富士宮市,自然,植物,狩宿下馬ザクラ,B
570,東海,静岡,河津町,自然,植物,河津ザクラ,B
571,東海,静岡,浜松市、湖西市,自然,植物,旧東海道松並木,B
572,東海,愛知,豊川市,自然,植物,御油の松並木,B
573,東海,愛知,蒲郡市,人文,神社・寺院・教会,八百富神社,B
574,東海,愛知,豊田市,自然,植物,香嵐渓の紅葉,B
575,北関西,滋賀,高島市,自然,植物,海津大崎のサクラ,B
576,北関西,滋賀,日野町,自然,植物,鎌掛谷の石楠花,B
577,北関西,滋賀,高島市,自然,植物,マキノ高原のメタセコイア並木,B
578,北関西,京都,京都市,自然,植物,御室のサクラ,A
579,北関西,京都,京都市,人文,郷土景観,北山杉,B
580,北関西,京都,京都市,自然,植物,円山公園のサクラ,B
581,北関西,京都,京都市,自然,植物,嵐山の紅葉,B
582,南関西,大阪,大阪市,自然,植物,造幣局のサクラ,B
583,南関西,大阪,能勢町,自然,植物,野間の大ケヤキ,B
584,南関西,大阪,箕面市,自然,植物,箕面公園の紅葉,B
585,南関西,大阪,吹田市,自然,植物,万博記念公園のサクラ,B
586,南関西,大阪,大阪市,自然,植物,毛馬桜之宮公園のサクラ,B
587,南関西,大阪,高槻市,自然,植物,摂津峡公園のサクラ,B
588,中国,兵庫,南あわじ市,自然,植物,淡路島の水仙,B
589,中国,兵庫,西宮市,自然,植物,夙川公園・夙川河川敷緑地のサクラ,B
590,南関西,奈良,吉野町,自然,植物,吉野山のサクラ,S
591,南関西,奈良,奈良市,自然,植物,春日山原始林,B
592,南関西,奈良,奈良市,人文,郷土景観,月ヶ瀬梅林,B
593,南関西,奈良,五條市,人文,郷土景観,賀名生の梅林,B
594,南関西,奈良,斑鳩町,自然,植物,竜田公園の紅葉,B
595,南関西,和歌山,那智勝浦町,自然,植物,那智原始林,B
596,南関西,和歌山,みなべ町,人文,郷土景観,南部梅林,B
597,中国,広島,尾道市,自然,植物,千光寺公園のサクラ,B
598,中国,広島,庄原市,自然,植物,上野公園のサクラ,B
599,四国,徳島,東みよし町,自然,植物,加茂の大クス,B
600,四国,香川,三豊市,自然,植物,紫雲出山のサクラ,B
601,四国,高知,大豊町,自然,植物,杉の大スギ（八坂神社境内）,B
602,四国,高知,香美市,自然,植物,鏡野公園のサクラ,B
603,九州,福岡,豊前市,自然,植物,犬ヶ岳のシャクシシャクナゲ,B
604,九州,福岡,福岡市,自然,植物,西公園のサクラ,B
605,九州,福岡,久留米市,自然,植物,柳坂曽根のハゼ並木,B
606,九州,佐賀,小城市,自然,植物,小城公園のサクラ,B
607,九州,佐賀,武雄市,自然,植物,御船山のウメ・ツツジ,B
608,九州,佐賀,唐津市,自然,植物,見帰りの滝のアジサイ,B
609,九州,長崎,長崎市,自然,植物,野母崎の水仙,B
610,九州,長崎,大村市,自然,植物,大村公園のサクラ,B
611,九州,長崎,雲仙市,自然,植物,池の原ミヤマキリシマツツジ,B
612,九州,熊本,水上村,自然,植物,市房ダム湖畔のサクラ,B
613,九州,大分,竹田市,自然,植物,大船山のミヤマキリシマ,A
614,九州,宮崎,綾町,自然,植物,綾の照葉樹林,B
615,九州,宮崎,串間市,自然,植物,都井岬のソテツ群落,B
616,九州,宮崎,宮崎市,自然,植物,内海のヤッコソウ,B
617,九州,宮崎,宮崎市,自然,植物,青島の亜熱帯性植物群落,B
618,九州,宮崎,都城市,自然,植物,母智丘公園のサクラ,B
619,九州,宮崎,宮崎市,自然,植物,県庁楠並木通り,B
620,九州,宮崎,宮崎市,自然,植物,フェニックス・ワシントンヤシ並木,B
621,九州,鹿児島,屋久島町,自然,植物,屋久島の森,S
622,九州,鹿児島,伊佐市,自然,植物,忠元公園のサクラ,B
623,九州,鹿児島,南さつま市,自然,植物,坊津町のソテツ,B
624,九州,鹿児島,宇検村/大和村,自然,植物,湯湾岳の照葉樹林,B
625,九州,鹿児島,龍郷町,自然,植物,安木屋場のソテツ・バショウ群生地,B
626,九州,鹿児島,奄美市,自然,植物,住用のマングロ―ブ林,B
627,九州,鹿児島,志布志市,自然,植物,枇榔島亜熱帯性植物群落,B
628,九州,鹿児島,姶良市,自然,植物,蒲生のクス,B
629,九州,鹿児島,屋久島町,自然,植物,縄文杉,B
630,九州,鹿児島,屋久島町,自然,植物,弥生杉,B
631,九州,鹿児島,屋久島町,自然,植物,紀元杉,B
632,九州,沖縄,国頭村,自然,植物,やんばるの植物群落,A
633,九州,沖縄,竹富町,自然,植物,仲間川流域の植物群落,A
634,九州,沖縄,竹富町,自然,植物,浦内川流域の植物群落,B
635,九州,沖縄,竹富町,自然,植物,竹富町のサキシマスオウノキ,B
636,中国,兵庫,朝来市,自然,自然現象,竹田城の雲海,A
637,北海道,北海道,網走市/紋別市他,自然,自然現象,オホーツク海沿岸の流氷,A
638,東北,青森,青森市,自然,自然現象,八甲田山の樹氷,A
639,東北,秋田,鹿角市,自然,自然現象,後生掛の泥火山,B
640,北関東,栃木,日光市,自然,自然現象,雲竜渓谷の氷瀑,A
641,南関東,埼玉,秩父市,自然,自然現象,三十槌の氷柱,B
642,北陸,富山,魚津市,自然,自然現象,富山湾の蜃気楼,A
643,東海,長野,岡谷市/諏訪市/他,自然,自然現象,諏訪湖の御神渡,B
644,四国,愛媛,大洲市,自然,自然現象,肱川あらし（肱川の朝霧、雲海）,A
645,四国,愛媛,今治市,自然,自然現象,来島海峡の潮流,B
646,九州,佐賀,佐賀市/白石町/他,自然,自然現象,有明海の干潟,B
647,九州,長崎,佐世保市/西海市,自然,自然現象,伊の浦瀬戸（針尾瀬戸）,B
648,九州,熊本,宇城市,自然,自然現象,不知火,B
649,九州,沖縄,宮古島市,自然,自然現象,八重干瀬,A
650,東北,青森,青森市,人文,史跡,三内丸山遺跡,A
651,東北,岩手,平泉町,人文,史跡,無量光院跡,B
652,東北,岩手,一関市,人文,史跡,骨寺村荘園遺跡,B
653,東北,宮城,仙台市,人文,神社・寺院・教会,陸奥国分寺,B
654,東北,秋田,鹿角市,人文,史跡,大湯環状列石,B
655,東北,山形,酒田市,人文,建造物,本間家旧本邸,B
656,東北,福島,会津若松市,人文,史跡,飯盛山白虎隊墓所,B
657,東北,福島,白河市,人文,史跡,白河関跡,B
658,北関東,茨城,水戸市,人文,建造物,弘道館,B
659,北関東,茨城,常陸太田市,人文,史跡,瑞竜山,B
660,北関東,栃木,宇都宮市,人文,史跡,大谷磨崖仏,B
661,北関東,栃木,足利市,人文,建造物,足利学校,B
662,北関東,群馬,高崎市,人文,史跡,保渡田古墳群（八幡塚古墳・二子山古墳・薬師塚古墳）,B
663,北関東,群馬,高崎市,人文,史跡,上野三碑（金井沢碑・山上碑・多胡碑）,B
664,北関東,群馬,みどり市,人文,史跡,岩宿遺跡,B
665,南関東,埼玉,吉見町,人文,史跡,吉見百穴,B
666,南関東,埼玉,行田市,人文,史跡,埼玉古墳群,B
667,南関東,千葉,千葉市,人文,史跡,加曽利貝塚,B
668,南関東,千葉,市原市,人文,神社・寺院・教会,上総国分尼寺跡,B
669,南関東,神奈川,箱根町,人文,史跡,箱根関跡,B
670,北陸,新潟,佐渡市,人文,史跡,佐渡金山遺跡,B
671,北陸,福井,福井市,人文,史跡,一乗谷朝倉氏遺跡,A
672,北陸,岐阜,関ヶ原町,人文,史跡,関ヶ原古戦場,B
673,東海,静岡,静岡市,人文,史跡,登呂遺跡,B
674,東海,愛知,岡崎市,人文,史跡,北野廃寺跡,B
675,北関西,滋賀,甲賀市,人文,史跡,紫香楽宮址,B
676,南関西,大阪,堺市/羽曳野市/藤井寺市,人文,史跡,百舌鳥・古市古墳群（仁徳天皇陵、応神天皇陵）,S
677,南関西,大阪,岸和田市,人文,史跡,摩湯山古墳,B
678,南関西,大阪,泉佐野市,人文,史跡,日根荘遺跡,B
679,南関西,大阪,高槻市,人文,史跡,今城塚古墳,B
680,中国,兵庫,神戸市,人文,神社・寺院・教会,湊川神社,B
681,南関西,奈良,奈良市,人文,史跡,平城宮跡,A
682,南関西,奈良,橿原市,人文,史跡,藤原宮跡,B
683,南関西,奈良,明日香村,人文,史跡,明日香村の古墳群（キトラ古墳・高松塚古墳・石舞台古墳）,B
684,南関西,奈良,田原本町,人文,史跡,唐古・鍵遺跡,B
685,南関西,奈良,斑鳩町,人文,史跡,藤ノ木古墳,B
686,南関西,奈良,吉野町,人文,神社・寺院・教会,吉野山寺社群,B
687,南関西,奈良,桜井市,人文,神社・寺院・教会,山田寺跡,B
688,南関西,奈良,広陵町/河合町/大和高田市,人文,史跡,馬見古墳群,B
689,南関西,奈良,明日香村,人文,神社・寺院・教会,飛鳥寺,B
690,南関西,奈良,奈良市,人文,史跡,頭塔史跡,B
691,南関西,奈良,奈良市,人文,建造物,北山十八間戸,B
692,南関西,奈良,桜井市,人文,史跡,纒向遺跡,B
693,南関西,和歌山,和歌山市,人文,史跡,友ヶ島第３砲台跡,B
694,南関西,和歌山,広川町,人文,史跡,広村堤防,B
695,南関西,和歌山,和歌山市,人文,史跡,岩橋千塚古墳群,B
696,中国,鳥取,大山町,人文,史跡,妻木晩田遺跡,B
697,中国,島根,大田市,人文,史跡,石見銀山遺跡,B
698,中国,島根,出雲市,人文,史跡,荒神谷遺跡,B
699,中国,島根,出雲市,人文,史跡,田儀櫻井家たたら製鉄所遺跡,B
700,中国,岡山,岡山市/総社市,人文,史跡,吉備路風土記の丘,B
701,中国,広島,福山市,人文,史跡,草戸千軒町遺跡,B
702,四国,香川,丸亀市,人文,史跡,塩飽勤番所跡,B
703,四国,香川,高松市,人文,史跡,屋島,B
704,四国,香川,高松市,人文,城跡・城郭・宮殿,屋嶋城,B
705,九州,福岡,八女市/広川町,人文,史跡,石人山古墳,B
706,九州,福岡,太宰府市,人文,史跡,大宰府政庁跡,B
707,九州,福岡,桂川町,人文,史跡,王塚古墳,B
708,九州,福岡,宮若市,人文,史跡,竹原古墳,B
709,九州,福岡,大牟田市/みやま市,人文,史跡,三井三池炭鉱跡,B
710,九州,佐賀,吉野ヶ里町/神埼市,人文,史跡,吉野ヶ里遺跡,A
711,九州,長崎,長崎市,人文,史跡,日本26聖人殉教地,B
712,九州,長崎,平戸市,人文,建造物,平戸オランダ商館,B
713,九州,長崎,壱岐市,人文,史跡,原の辻遺跡,B
714,九州,長崎,平戸市,人文,郷土景観,生月の隠れキリシタンの里,B
715,九州,長崎,長崎市,人文,建造物,出島和蘭商館跡,B
716,九州,熊本,熊本市,人文,史跡,千金甲古墳,B
717,九州,熊本,山鹿市,人文,史跡,チブサン古墳,B
718,九州,大分,臼杵市,人文,史跡,臼杵石仏,A
719,九州,宮崎,西都市,人文,史跡,西都原古墳群,A
720,九州,鹿児島,薩摩川内市,人文,史跡,薩摩国分寺跡,B
721,九州,鹿児島,鹿児島市,人文,史跡,尚古集成館,B
722,九州,沖縄,那覇市,人文,史跡,玉陵,B
723,北海道,北海道,函館市,人文,神社・寺院・教会,トラピスチヌ修道院,B
724,北海道,北海道,北斗市,人文,神社・寺院・教会,トラピスト修道院（別称：灯台の聖母修道院）,B
725,北海道,北海道,函館市,人文,神社・寺院・教会,函館ハリストス正教会,B
726,東北,青森,弘前市,人文,神社・寺院・教会,岩木山神社,B
727,東北,青森,南部町,人文,神社・寺院・教会,法光寺,B
728,東北,青森,弘前市,人文,神社・寺院・教会,最勝院,B
729,東北,青森,八戸市,人文,神社・寺院・教会,櫛引八幡宮,B
730,東北,青森,弘前市,人文,神社・寺院・教会,長勝寺（禅林街）,B
731,東北,岩手,平泉町,人文,神社・寺院・教会,中尊寺,S
732,東北,岩手,平泉町,人文,神社・寺院・教会,毛越寺,A
733,東北,宮城,松島町,人文,神社・寺院・教会,瑞厳寺,A
734,東北,宮城,仙台市,人文,神社・寺院・教会,大崎八幡神社,B
735,東北,宮城,松島町,人文,神社・寺院・教会,五大堂,B
736,東北,宮城,塩釜市,人文,神社・寺院・教会,鹽竈神社・志波彦神社,B
737,東北,山形,山形市,人文,神社・寺院・教会,立石寺（山寺）,A
738,東北,山形,鶴岡市,人文,神社・寺院・教会,出羽三山神社,A
739,東北,山形,鶴岡市,人文,神社・寺院・教会,善寳寺,B
740,東北,山形,寒河江市,人文,神社・寺院・教会,慈恩寺,B
741,東北,福島,いわき市,人文,神社・寺院・教会,白水阿弥陀堂,B
742,東北,福島,喜多方市,人文,神社・寺院・教会,新宮熊野神社,B
743,北関東,茨城,鹿嶋市,人文,神社・寺院・教会,鹿島神宮,A
744,北関東,茨城,水戸市,人文,神社・寺院・教会,常盤神社,B
745,北関東,茨城,桜川市,人文,神社・寺院・教会,楽法寺（雨引観音）,B
746,北関東,茨城,笠間市,人文,神社・寺院・教会,笠間稲荷神社,B
747,北関東,茨城,つくば市,人文,神社・寺院・教会,筑波山神社,B
748,北関東,茨城,笠間市,人文,神社・寺院・教会,稲田禅房西念寺（通称：稲田御坊）,B
749,北関東,栃木,日光市,人文,神社・寺院・教会,日光東照宮,S
750,北関東,栃木,日光市,人文,神社・寺院・教会,輪王寺大猷院霊廟,A
751,北関東,栃木,栃木市,人文,神社・寺院・教会,太平山神社,B
752,北関東,栃木,鹿沼市,人文,神社・寺院・教会,古峯神社,B
753,北関東,栃木,大田原市,人文,神社・寺院・教会,雲厳寺,B
754,北関東,栃木,足利市,人文,神社・寺院・教会,鶏足寺,B
755,北関東,栃木,足利市,人文,神社・寺院・教会,鑁阿寺,B
756,北関東,栃木,日光市,人文,神社・寺院・教会,二荒山神社（日光二荒山神社）,B
757,北関東,栃木,益子町,人文,神社・寺院・教会,円通寺,B
758,北関東,栃木,益子町,人文,神社・寺院・教会,西明寺,B
759,北関東,群馬,板倉町,人文,神社・寺院・教会,雷電神社,B
760,北関東,群馬,高崎市,人文,神社・寺院・教会,榛名神社,B
761,北関東,群馬,富岡市,人文,神社・寺院・教会,妙義神社,B
762,北関東,群馬,高崎市,人文,神社・寺院・教会,達磨寺（少林山）,B
763,北関東,群馬,沼田市,人文,神社・寺院・教会,弥勒寺（迦葉山龍華院弥勒護国寺）,B
764,北関東,群馬,太田市,人文,神社・寺院・教会,大光院,B
765,北関東,群馬,富岡市,人文,神社・寺院・教会,一之宮貫前神社,B
766,北関東,群馬,館林市,人文,神社・寺院・教会,茂林寺,B
767,南関東,埼玉,川越市,人文,神社・寺院・教会,喜多院,B
768,南関東,埼玉,ときがわ町,人文,神社・寺院・教会,慈光寺,B
769,南関東,埼玉,神川町,人文,神社・寺院・教会,金鑚神社,B
770,南関東,埼玉,秩父市,人文,神社・寺院・教会,三峯神社,B
771,南関東,埼玉,大宮市,人文,神社・寺院・教会,氷川神社,B
772,南関東,埼玉,新座市,人文,神社・寺院・教会,平林寺,B
773,南関東,埼玉,熊谷市,人文,神社・寺院・教会,妻沼聖天山歓喜院,B
774,南関東,千葉,成田市,人文,神社・寺院・教会,成田山新勝寺,A
775,南関東,千葉,香取市,人文,神社・寺院・教会,観福寺,B
776,南関東,千葉,市川市,人文,神社・寺院・教会,弘法寺,B
777,南関東,千葉,市川市,人文,神社・寺院・教会,法華経寺,B
778,南関東,千葉,成田市,人文,神社・寺院・教会,東勝寺（宗吾霊堂）,B
779,南関東,千葉,鴨川市,人文,神社・寺院・教会,清澄寺,B
780,南関東,千葉,鋸南町,人文,神社・寺院・教会,日本寺,B
781,南関東,千葉,香取市,人文,神社・寺院・教会,香取神宮,B
782,南関東,千葉,長南町,人文,神社・寺院・教会,笠森寺（通称：笠森観音）,B
783,南関東,千葉,鴨川市,人文,神社・寺院・教会,誕生寺,B
784,東京,東京,渋谷区,人文,神社・寺院・教会,明治神宮,A
785,東京,東京,台東区,人文,神社・寺院・教会,浅草寺,A
786,東京,東京,中央区,人文,神社・寺院・教会,築地本願寺,B
787,東京,東京,千代田区,人文,神社・寺院・教会,靖国神社,B
788,東京,東京,江東区,人文,神社・寺院・教会,富岡八幡宮,B
789,東京,東京,江東区,人文,神社・寺院・教会,亀戸天神社,B
790,東京,東京,千代田区,人文,神社・寺院・教会,ニコライ堂（東京復活大聖堂教会）,B
791,東京,東京,葛飾区,人文,神社・寺院・教会,柴又帝釈天（帝釈天題経寺）,B
792,東京,東京,中野区,人文,神社・寺院・教会,新井薬師（梅照院）,B
793,東京,東京,港区,人文,神社・寺院・教会,泉岳寺,B
794,東京,東京,港区,人文,神社・寺院・教会,増上寺,B
795,東京,東京,青梅市,人文,神社・寺院・教会,武蔵御嶽神社,B
796,東京,東京,千代田区,人文,神社・寺院・教会,神田明神,B
797,東京,東京,調布市,人文,神社・寺院・教会,深大寺,B
798,東京,東京,府中市,人文,神社・寺院・教会,大国魂神社,B
799,東京,東京,文京区,人文,神社・寺院・教会,根津神社,B
800,東京,東京,台東区,人文,神社・寺院・教会,寛永寺,B
801,東京,東京,台東区,人文,神社・寺院・教会,上野東照宮,B
802,東京,東京,文京区,人文,神社・寺院・教会,護国寺,B
803,東京,東京,日野市,人文,神社・寺院・教会,高幡不動尊（高幡山明王院金剛寺）,B
804,東京,東京,大田区,人文,神社・寺院・教会,池上本門寺,B
805,南関東,神奈川,鎌倉市,人文,神社・寺院・教会,建長寺,A
806,南関東,神奈川,鎌倉市,人文,神社・寺院・教会,円覚寺,A
807,南関東,神奈川,鎌倉市,人文,神社・寺院・教会,高徳院（鎌倉大仏殿）,A
808,南関東,神奈川,鎌倉市,人文,神社・寺院・教会,鶴岡八幡宮,A
809,南関東,神奈川,鎌倉市,人文,神社・寺院・教会,東慶寺,B
810,南関東,神奈川,鎌倉市,人文,神社・寺院・教会,瑞泉寺,B
811,南関東,神奈川,鎌倉市,人文,神社・寺院・教会,寿福寺,B
812,南関東,神奈川,藤沢市,人文,神社・寺院・教会,清浄光寺（通称：遊行寺）,B
813,南関東,神奈川,南足柄市,人文,神社・寺院・教会,最乗寺,B
814,南関東,神奈川,箱根町,人文,神社・寺院・教会,早雲寺,B
815,南関東,神奈川,藤沢市,人文,神社・寺院・教会,江島神社,B
816,南関東,神奈川,伊勢原市,人文,神社・寺院・教会,大山阿夫利神社,B
817,南関東,神奈川,川崎市,人文,神社・寺院・教会,平間寺（川崎大師）,B
818,南関東,神奈川,鎌倉市,人文,神社・寺院・教会,光明寺,B
819,南関東,神奈川,鎌倉市,人文,神社・寺院・教会,明月院,B
820,北陸,新潟,弥彦村,人文,神社・寺院・教会,彌彦神社,A
821,北陸,新潟,上越市,人文,神社・寺院・教会,林泉寺,B
822,北陸,富山,高岡市,人文,神社・寺院・教会,瑞龍寺,B
823,北陸,富山,南砺市,人文,神社・寺院・教会,瑞泉寺,B
824,北陸,富山,高岡市,人文,神社・寺院・教会,国泰寺,B
825,北陸,石川,小松市,人文,神社・寺院・教会,那谷寺,A
826,北陸,石川,羽咋市,人文,神社・寺院・教会,妙成寺,B
827,北陸,石川,白山市,人文,神社・寺院・教会,白山比咩神社,B
828,北陸,石川,輪島市,人文,神社・寺院・教会,總持寺祖院,B
829,北陸,石川,金沢市,人文,神社・寺院・教会,妙立寺（通称：忍者寺）,B
830,北陸,石川,金沢市,人文,神社・寺院・教会,尾山神社,B
831,北陸,福井,永平寺町,人文,神社・寺院・教会,永平寺,A
832,北陸,福井,勝山市,人文,神社・寺院・教会,白山平泉寺（白山神社）,B
833,北陸,福井,小浜市,人文,神社・寺院・教会,明通寺,B
834,東海,山梨,身延町,人文,神社・寺院・教会,久遠寺,A
835,東海,山梨,甲府市,人文,神社・寺院・教会,大泉寺,B
836,東海,山梨,甲州市,人文,神社・寺院・教会,栖雲寺,B
837,東海,山梨,甲府市,人文,神社・寺院・教会,武田神社,B
838,東海,山梨,甲府市,人文,神社・寺院・教会,（甲斐）善光寺,B
839,東海,山梨,甲州市,人文,神社・寺院・教会,恵林寺,B
840,東海,山梨,富士吉田市,人文,神社・寺院・教会,北口本宮冨士浅間神社,B
841,東海,山梨,甲州市,人文,神社・寺院・教会,大善寺,B
842,東海,長野,長野市,人文,神社・寺院・教会,善光寺,A
843,東海,長野,諏訪市/下諏訪町,人文,神社・寺院・教会,諏訪大社,A
844,東海,長野,青木村,人文,神社・寺院・教会,大法寺,B
845,東海,長野,長野市,人文,神社・寺院・教会,戸隠神社,B
846,東海,長野,駒ヶ根市,人文,神社・寺院・教会,光前寺,B
847,東海,長野,上田市,人文,神社・寺院・教会,安楽寺,B
848,北陸,岐阜,多治見市,人文,神社・寺院・教会,（虎渓山）永保寺,B
849,北陸,岐阜,高山市,人文,神社・寺院・教会,安国寺,B
850,北陸,岐阜,垂井町,人文,神社・寺院・教会,南宮大社,B
851,北陸,岐阜,揖斐川町,人文,神社・寺院・教会,華厳寺,B
852,北陸,岐阜,揖斐川町,人文,神社・寺院・教会,横蔵寺,B
853,東海,静岡,島田市,人文,神社・寺院・教会,智満寺,B
854,東海,静岡,浜松市,人文,神社・寺院・教会,方広寺,B
855,東海,静岡,伊豆市,人文,神社・寺院・教会,修禅寺,B
856,東海,静岡,浜松市,人文,神社・寺院・教会,（秋葉山本宮）秋葉神社,B
857,東海,静岡,袋井市,人文,神社・寺院・教会,可睡斎,B
858,東海,静岡,三島市,人文,神社・寺院・教会,三嶋大社,B
859,東海,静岡,袋井市,人文,神社・寺院・教会,（通称：法多山）尊永寺,B
860,東海,静岡,富士宮市,人文,神社・寺院・教会,富士宮本宮浅間大社,B
861,東海,静岡,袋井市,人文,神社・寺院・教会,油山寺,B
862,東海,静岡,静岡市,人文,神社・寺院・教会,久能山東照宮,B
863,東海,静岡,静岡市,人文,神社・寺院・教会,静岡浅間神社,B
864,東海,静岡,浜松市,人文,神社・寺院・教会,龍潭寺,B
865,東海,静岡,富士宮市,人文,神社・寺院・教会,大石寺,B
866,東海,愛知,名古屋市,人文,神社・寺院・教会,熱田神宮,A
867,東海,愛知,新城市,人文,神社・寺院・教会,鳳来寺,B
868,東海,愛知,新城市,人文,神社・寺院・教会,鳳来山東照宮,B
869,東海,愛知,豊川市,人文,神社・寺院・教会,豊川稲荷（妙嚴寺）,B
870,東海,愛知,名古屋市,人文,神社・寺院・教会,宝生院（通称：大須観音）,B
871,東海,愛知,一宮市,人文,神社・寺院・教会,真清田神社,B
872,東海,愛知,美浜町,人文,神社・寺院・教会,大御堂寺（通称：野間大坊）,B
873,東海,愛知,瀬戸市,人文,神社・寺院・教会,定光寺,B
874,東海,愛知,津島市,人文,神社・寺院・教会,津島神社,B
875,東海,愛知,岡崎市,人文,神社・寺院・教会,滝山東照宮,B
876,東海,愛知,岡崎市,人文,神社・寺院・教会,瀧山寺（滝山寺）,B
877,東海,愛知,岡崎市,人文,神社・寺院・教会,伊賀八幡宮,B
878,東海,愛知,あま市,人文,神社・寺院・教会,甚目寺（通称：甚目寺観音）,B
879,東海,愛知,岡崎市,人文,神社・寺院・教会,大樹寺,B
880,東海,愛知,稲沢市,人文,神社・寺院・教会,尾張大國霊神社（通称：国府宮神社）,B
881,南関西,三重,伊勢市,人文,神社・寺院・教会,伊勢神宮（皇大神宮・豊受大神宮）,S
882,南関西,三重,大紀町,人文,神社・寺院・教会,瀧原宮（滝原宮）,B
883,南関西,三重,津市,人文,神社・寺院・教会,専修寺,B
884,南関西,三重,伊勢市,人文,神社・寺院・教会,金剛證寺,B
885,南関西,三重,桑名市,人文,神社・寺院・教会,多度大社,B
886,北関西,滋賀,大津市,人文,神社・寺院・教会,延暦寺,S
887,北関西,滋賀,大津市,人文,神社・寺院・教会,園城寺,A
888,北関西,滋賀,大津市,人文,神社・寺院・教会,日吉大社,A
889,北関西,滋賀,近江八幡市,人文,神社・寺院・教会,長命寺,B
890,北関西,滋賀,東近江市,人文,神社・寺院・教会,石塔寺,B
891,北関西,滋賀,長浜市,人文,神社・寺院・教会,向源寺,B
892,北関西,滋賀,長浜市,人文,神社・寺院・教会,宝厳寺,B
893,北関西,滋賀,長浜市,人文,神社・寺院・教会,都久夫須麻神社,B
894,北関西,滋賀,多賀町,人文,神社・寺院・教会,多賀大社,B
895,北関西,滋賀,甲良町,人文,神社・寺院・教会,西明寺,B
896,北関西,滋賀,愛荘町,人文,神社・寺院・教会,金剛輪寺,B
897,北関西,滋賀,東近江市,人文,神社・寺院・教会,石馬寺,B
898,北関西,滋賀,長浜市,人文,神社・寺院・教会,大通寺,B
899,北関西,滋賀,竜王町,人文,神社・寺院・教会,苗村神社,B
900,北関西,滋賀,大津市,人文,神社・寺院・教会,満月寺（浮御堂）,B
901,北関西,滋賀,近江八幡市,人文,神社・寺院・教会,日牟禮八幡宮,B
902,北関西,滋賀,大津市,人文,神社・寺院・教会,西教寺,B
903,北関西,滋賀,東近江市,人文,神社・寺院・教会,永源寺,B
904,北関西,滋賀,大津市,人文,神社・寺院・教会,石山寺,B
905,北関西,滋賀,近江八幡市,人文,神社・寺院・教会,観音正寺,B
906,北関西,滋賀,草津市,人文,神社・寺院・教会,芦浦観音寺,B
907,北関西,滋賀,野洲市,人文,神社・寺院・教会,兵主神社,B
908,北関西,滋賀,野洲市,人文,神社・寺院・教会,御上神社,B
909,北関西,滋賀,湖南市,人文,神社・寺院・教会,常楽寺,B
910,北関西,滋賀,湖南市,人文,神社・寺院・教会,善水寺,B
911,北関西,滋賀,甲賀市,人文,神社・寺院・教会,油日神社,B
912,北関西,滋賀,大津市,人文,神社・寺院・教会,近江神宮,B
913,北関西,滋賀,彦根市,人文,神社・寺院・教会,龍潭寺,B
914,北関西,滋賀,米原市,人文,神社・寺院・教会,福田寺,B
915,北関西,滋賀,甲賀市,人文,神社・寺院・教会,大池寺,B
916,北関西,京都,京都市,人文,神社・寺院・教会,清水寺,S
917,北関西,京都,京都市,人文,神社・寺院・教会,鹿苑寺（金閣寺）,S
918,北関西,京都,宇治市,人文,神社・寺院・教会,平等院,S
919,北関西,京都,京都市,人文,神社・寺院・教会,大徳寺,A
920,北関西,京都,京都市,人文,神社・寺院・教会,教王護国寺（東寺）,A
921,北関西,京都,京都市,人文,神社・寺院・教会,真宗本廟（東本願寺）,A
922,北関西,京都,京都市,人文,神社・寺院・教会,本願寺（西本願寺）,A
923,北関西,京都,京都市,人文,神社・寺院・教会,蓮華王院（三十三間堂）,A
924,北関西,京都,京都市,人文,神社・寺院・教会,南禅寺,A
925,北関西,京都,京都市,人文,神社・寺院・教会,東福寺,A
926,北関西,京都,京都市,人文,神社・寺院・教会,鞍馬寺,A
927,北関西,京都,京都市,人文,神社・寺院・教会,慈照寺（銀閣寺）,A
928,北関西,京都,京都市,人文,神社・寺院・教会,平安神宮,A
929,北関西,京都,京都市,人文,神社・寺院・教会,西芳寺（苔寺）,A
930,北関西,京都,京都市,人文,神社・寺院・教会,龍安寺,A
931,北関西,京都,京都市,人文,神社・寺院・教会,円通寺,A
932,北関西,京都,京田辺市,人文,神社・寺院・教会,酬恩庵（一休寺）,A
933,北関西,京都,京都市,人文,神社・寺院・教会,天龍寺,A
934,北関西,京都,京都市,人文,神社・寺院・教会,醍醐寺,A
935,北関西,京都,京都市,人文,神社・寺院・教会,妙心寺,A
936,北関西,京都,京都市,人文,神社・寺院・教会,八坂神社,A
937,北関西,京都,木津川市,人文,神社・寺院・教会,浄瑠璃寺,A
938,北関西,京都,京都市,人文,神社・寺院・教会,高台寺,B
939,北関西,京都,宇治市,人文,神社・寺院・教会,萬福寺,B
940,北関西,京都,京都市,人文,神社・寺院・教会,知恩院,B
941,北関西,京都,京都市,人文,神社・寺院・教会,智積院,B
942,北関西,京都,京都市,人文,神社・寺院・教会,伏見稲荷大社,B
943,北関西,京都,京都市,人文,神社・寺院・教会,青蓮院,B
944,北関西,京都,八幡市,人文,神社・寺院・教会,石清水八幡宮,B
945,北関西,京都,木津川市,人文,神社・寺院・教会,蟹満寺,B
946,北関西,京都,京都市,人文,神社・寺院・教会,詩仙堂,B
947,北関西,京都,京都市,人文,神社・寺院・教会,勧修寺,B
948,北関西,京都,京都市,人文,神社・寺院・教会,建仁寺,B
949,北関西,京都,京都市,人文,神社・寺院・教会,大覚寺,B
950,北関西,京都,京都市,人文,神社・寺院・教会,泉涌寺,B
951,北関西,京都,京都市,人文,神社・寺院・教会,禅林寺（永観堂）,B
952,北関西,京都,京都市,人文,神社・寺院・教会,光悦寺,B
953,北関西,京都,京都市,人文,神社・寺院・教会,三千院,B
954,北関西,京都,京都市,人文,神社・寺院・教会,曼殊院,B
955,北関西,京都,京都市,人文,神社・寺院・教会,仁和寺,B
956,北関西,京都,京都市,人文,神社・寺院・教会,賀茂別雷神社（通称：上賀茂神社）,B
957,北関西,京都,京都市,人文,神社・寺院・教会,北野天満宮,B
958,北関西,京都,京都市,人文,神社・寺院・教会,化野念仏寺,B
959,北関西,京都,京都市,人文,神社・寺院・教会,高山寺,B
960,北関西,京都,京都市,人文,神社・寺院・教会,広隆寺,B
961,北関西,京都,京都市,人文,神社・寺院・教会,神護寺,B
962,北関西,京都,京都市,人文,神社・寺院・教会,賀茂御祖神社（通称：下鴨神社）,B
963,北関西,京都,京都市,人文,神社・寺院・教会,蓮華寺,B
964,北関西,京都,京都市,人文,神社・寺院・教会,本法寺,B
965,北関西,京都,大山崎町,人文,神社・寺院・教会,妙喜庵,B
966,北関西,京都,京都市,人文,神社・寺院・教会,正伝寺,B
967,北関西,京都,京都市,人文,神社・寺院・教会,曼殊院書院,B
968,北関西,京都,京都市,人文,神社・寺院・教会,厭離庵,B
969,北関西,京都,京都市,人文,神社・寺院・教会,法金剛院,B
970,南関西,大阪,大阪市,人文,神社・寺院・教会,四天王寺,A
971,南関西,大阪,大阪市,人文,神社・寺院・教会,住吉大社,A
972,南関西,大阪,箕面市,人文,神社・寺院・教会,勝尾寺,B
973,南関西,大阪,大阪市,人文,神社・寺院・教会,大阪天満宮,B
974,南関西,大阪,藤井寺市,人文,神社・寺院・教会,道明寺天満宮,B
975,南関西,大阪,和泉市,人文,神社・寺院・教会,施福寺,B
976,南関西,大阪,堺市,人文,神社・寺院・教会,開口神社（通称：大寺）,B
977,南関西,大阪,大阪市,人文,神社・寺院・教会,大念仏寺,B
978,南関西,大阪,羽曳野市,人文,神社・寺院・教会,誉田八幡宮,B
979,南関西,大阪,河内長野市,人文,神社・寺院・教会,天野山金剛寺,B
980,南関西,大阪,藤井寺市,人文,神社・寺院・教会,葛井寺,B
981,南関西,大阪,貝塚市,人文,神社・寺院・教会,孝恩寺,B
982,南関西,大阪,河内長野市,人文,神社・寺院・教会,観心寺,B
983,南関西,大阪,泉佐野市,人文,神社・寺院・教会,慈眼院,B
984,南関西,大阪,堺市,人文,神社・寺院・教会,桜井神社（櫻井神社、通称：上神谷八幡宮）,B
985,南関西,大阪,大阪市,人文,神社・寺院・教会,勝鬘院（通称：愛染堂）,B
986,南関西,大阪,大阪市,人文,神社・寺院・教会,杭全神社,B
987,南関西,大阪,島本町,人文,神社・寺院・教会,水無瀬神宮,B
988,南関西,大阪,堺市,人文,神社・寺院・教会,南宗寺,B
989,南関西,大阪,熊取町,人文,神社・寺院・教会,来迎寺,B
990,南関西,大阪,箕面市,人文,神社・寺院・教会,瀧安寺,B
991,南関西,大阪,東大阪市,人文,神社・寺院・教会,枚岡神社,B
992,南関西,大阪,堺市,人文,神社・寺院・教会,家原寺,B
993,南関西,大阪,堺市,人文,神社・寺院・教会,大鳥神社（大鳥大社）,B
994,南関西,大阪,貝塚市,人文,神社・寺院・教会,水間寺,B
995,南関西,大阪,岸和田市,人文,神社・寺院・教会,久米田寺,B
996,南関西,大阪,高槻市,人文,神社・寺院・教会,普門寺,B
997,中国,兵庫,加西市,人文,神社・寺院・教会,一乗寺,B
998,中国,兵庫,神戸市,人文,神社・寺院・教会,太山寺,B
999,中国,兵庫,姫路市,人文,神社・寺院・教会,圓教寺（円教寺）,B
1000,中国,兵庫,豊岡市,人文,神社・寺院・教会,温泉寺,B
1001,中国,兵庫,川西市,人文,神社・寺院・教会,多田神社,B
1002,中国,兵庫,小野市,人文,神社・寺院・教会,浄土寺,B
1003,中国,兵庫,加古川市,人文,神社・寺院・教会,鶴林寺,B
1004,中国,兵庫,神戸市,人文,神社・寺院・教会,須磨寺,B
1005,南関西,奈良,奈良市,人文,神社・寺院・教会,東大寺,S
1006,南関西,奈良,斑鳩町,人文,神社・寺院・教会,法隆寺,S
1007,南関西,奈良,宇陀市,人文,神社・寺院・教会,室生寺,A
1008,南関西,奈良,奈良市,人文,神社・寺院・教会,春日大社,A
1009,南関西,奈良,奈良市,人文,神社・寺院・教会,興福寺,A
1010,南関西,奈良,奈良市,人文,神社・寺院・教会,薬師寺,A
1011,南関西,奈良,奈良市,人文,神社・寺院・教会,唐招提寺,A
1012,南関西,奈良,桜井市,人文,神社・寺院・教会,長谷寺,A
1013,南関西,奈良,奈良市,人文,神社・寺院・教会,元興寺極楽坊境内,B
1014,南関西,奈良,明日香村,人文,神社・寺院・教会,岡寺,B
1015,南関西,奈良,天理市,人文,神社・寺院・教会,石上神宮,B
1016,南関西,奈良,葛城市,人文,神社・寺院・教会,當麻寺,B
1017,南関西,奈良,斑鳩町,人文,神社・寺院・教会,法起寺,B
1018,南関西,奈良,生駒市,人文,神社・寺院・教会,長弓寺,B
1019,南関西,奈良,奈良市,人文,神社・寺院・教会,新薬師寺,B
1020,南関西,奈良,奈良市,人文,神社・寺院・教会,秋篠寺,B
1021,南関西,奈良,宇陀市,人文,神社・寺院・教会,宇太水分神社,B
1022,南関西,奈良,東吉野村,人文,神社・寺院・教会,丹生川上神社,B
1023,南関西,奈良,大和郡山市,人文,神社・寺院・教会,松尾寺,B
1024,南関西,奈良,大和郡山市,人文,神社・寺院・教会,慈光院,B
1025,南関西,奈良,明日香村,人文,神社・寺院・教会,飛鳥坐神社,B
1026,南関西,奈良,橿原市,人文,神社・寺院・教会,橿原神宮,B
1027,南関西,奈良,生駒市,人文,神社・寺院・教会,寳山寺,B
1028,南関西,奈良,奈良市,人文,神社・寺院・教会,元興寺,B
1029,南関西,奈良,奈良市,人文,神社・寺院・教会,円成寺,B
1030,南関西,奈良,奈良市,人文,神社・寺院・教会,般若寺,B
1031,南関西,奈良,奈良市,人文,神社・寺院・教会,不退寺,B
1032,南関西,奈良,斑鳩町,人文,神社・寺院・教会,法輪寺,B
1033,南関西,奈良,天理市,人文,神社・寺院・教会,長岳寺,B
1034,南関西,奈良,桜井市,人文,神社・寺院・教会,大神神社,B
1035,南関西,奈良,奈良市,人文,神社・寺院・教会,法華寺,B
1036,南関西,奈良,斑鳩町,人文,神社・寺院・教会,吉田寺,B
1037,南関西,奈良,桜井市,人文,神社・寺院・教会,談山神社,B
1038,南関西,奈良,桜井市,人文,神社・寺院・教会,聖林寺,B
1039,南関西,奈良,平群町,人文,神社・寺院・教会,朝護孫子寺,B
1040,南関西,奈良,高取町,人文,神社・寺院・教会,南法華寺（通称：壺阪寺）,B
1041,南関西,奈良,奈良市,人文,神社・寺院・教会,興福院,B
1042,南関西,奈良,奈良市,人文,神社・寺院・教会,十輪院,B
1043,南関西,奈良,斑鳩町,人文,神社・寺院・教会,中宮寺,B
1044,南関西,奈良,奈良市,人文,神社・寺院・教会,正暦寺,B
1045,南関西,奈良,奈良市,人文,神社・寺院・教会,帯解寺,B
1046,南関西,奈良,桜井市,人文,神社・寺院・教会,安倍文殊院,B
1047,南関西,奈良,奈良市,人文,神社・寺院・教会,大安寺,B
1048,南関西,奈良,奈良市,人文,神社・寺院・教会,白毫寺,B
1049,南関西,奈良,奈良市,人文,神社・寺院・教会,円照寺（圓照寺）,B
1050,南関西,奈良,大和郡山市,人文,神社・寺院・教会,金剛山寺（通称：矢田寺）,B
1051,南関西,奈良,明日香村,人文,神社・寺院・教会,安居院,B
1052,南関西,奈良,明日香村,人文,神社・寺院・教会,橘寺,B
1053,南関西,奈良,橿原市,人文,神社・寺院・教会,久米寺,B
1054,南関西,奈良,奈良市,人文,神社・寺院・教会,西大寺,B
1055,南関西,和歌山,高野町,人文,神社・寺院・教会,高野山金剛峯寺,S
1056,南関西,和歌山,那智勝浦町,人文,神社・寺院・教会,熊野三山（熊野那智大社・熊野速玉大社・熊野本宮大社・青岸渡寺・補陀洛山寺）,S
1057,南関西,和歌山,那智勝浦町,人文,神社・寺院・教会,青岸渡寺,B
1058,南関西,和歌山,日高川町,人文,神社・寺院・教会,道成寺,B
1059,南関西,和歌山,和歌山市,人文,神社・寺院・教会,國懸神宮,B
1060,南関西,和歌山,和歌山市,人文,神社・寺院・教会,日前神宮,B
1061,南関西,和歌山,田辺市,人文,神社・寺院・教会,熊野本宮大社,B
1062,南関西,和歌山,新宮市,人文,神社・寺院・教会,熊野速玉大社,B
1063,南関西,和歌山,紀の川市,人文,神社・寺院・教会,粉河寺,B
1064,南関西,和歌山,和歌山市,人文,神社・寺院・教会,紀三井寺,B
1065,南関西,和歌山,岩出市,人文,神社・寺院・教会,根來寺(根来寺),B
1066,中国,鳥取,三朝町,人文,神社・寺院・教会,三徳山三佛寺,A
1067,中国,鳥取,大山町,人文,神社・寺院・教会,大山寺,B
1068,中国,鳥取,湯梨浜町,人文,神社・寺院・教会,一ノ宮倭文神社,B
1069,中国,鳥取,北栄町,人文,神社・寺院・教会,観音寺,B
1070,中国,鳥取,大山町,人文,神社・寺院・教会,大山寺阿弥陀堂,B
1071,中国,鳥取,鳥取市,人文,神社・寺院・教会,観音院,B
1072,中国,島根,出雲市,人文,神社・寺院・教会,出雲大社,S
1073,中国,島根,松江市,人文,神社・寺院・教会,神魂神社,A
1074,中国,島根,海士町,人文,神社・寺院・教会,隠岐神社,B
1075,中国,島根,安来市,人文,神社・寺院・教会,雲樹寺,B
1076,中国,島根,大田市,人文,神社・寺院・教会,物部神社,B
1077,中国,島根,松江市,人文,神社・寺院・教会,八重垣神社,B
1078,中国,島根,安来市,人文,神社・寺院・教会,（安来）清水寺,B
1079,中国,島根,出雲市,人文,神社・寺院・教会,日御碕神社,B
1080,中国,島根,出雲市,人文,神社・寺院・教会,一畑薬師,B
1081,中国,島根,隠岐の島町,人文,神社・寺院・教会,玉若酢命神社,B
1082,中国,島根,松江市,人文,神社・寺院・教会,月照寺,B
1083,中国,島根,出雲市,人文,神社・寺院・教会,鰐淵寺,B
1084,中国,島根,松江市,人文,神社・寺院・教会,熊野大社,B
1085,中国,島根,松江市,人文,神社・寺院・教会,美保神社,B
1086,中国,島根,益田市,人文,神社・寺院・教会,（万福寺）萬福寺,B
1087,中国,島根,益田市,人文,神社・寺院・教会,医光寺,B
1088,中国,岡山,岡山市,人文,神社・寺院・教会,吉備津神社,A
1089,中国,岡山,岡山市,人文,神社・寺院・教会,最上稲荷（通称：高松稲荷）,B
1090,中国,岡山,久米南町,人文,神社・寺院・教会,誕生寺,B
1091,中国,岡山,倉敷市,人文,神社・寺院・教会,熊野神社,B
1092,中国,岡山,津山市,人文,神社・寺院・教会,中山神社,B
1093,中国,岡山,倉敷市,人文,神社・寺院・教会,円通寺,B
1094,中国,岡山,高梁市,人文,神社・寺院・教会,頼久寺,B
1095,中国,岡山,岡山市,人文,神社・寺院・教会,曹源寺,B
1096,中国,広島,廿日市市,人文,神社・寺院・教会,嚴島神社,S
1097,中国,広島,尾道市,人文,神社・寺院・教会,西國寺（西国寺）,B
1098,中国,広島,尾道市,人文,神社・寺院・教会,浄土寺,B
1099,中国,広島,福山市,人文,神社・寺院・教会,明王院,B
1100,中国,広島,廿日市市,人文,神社・寺院・教会,千畳閣（豊国神社本殿の通称）,B
1101,中国,広島,尾道市,人文,神社・寺院・教会,耕三寺,B
1102,中国,山口,長門市,人文,神社・寺院・教会,元乃隅稲成神社,B
1103,中国,山口,下関市,人文,神社・寺院・教会,赤間神宮,B
1104,中国,山口,山口市,人文,神社・寺院・教会,洞春寺,B
1105,中国,山口,萩市,人文,神社・寺院・教会,東光寺,B
1106,中国,山口,下関市,人文,神社・寺院・教会,住吉神社,B
1107,中国,山口,防府市,人文,神社・寺院・教会,防府天満宮,B
1108,中国,山口,宇部市,人文,神社・寺院・教会,宗隣寺,B
1109,中国,山口,山口市,人文,神社・寺院・教会,常栄寺（雪舟庭）,B
1110,中国,山口,山口市,人文,神社・寺院・教会,瑠璃光寺,B
1111,四国,徳島,三好市,人文,神社・寺院・教会,箸蔵寺,B
1112,四国,香川,琴平町,人文,神社・寺院・教会,金刀比羅宮,A
1113,四国,香川,高松市,人文,神社・寺院・教会,屋島寺,B
1114,四国,香川,三豊市,人文,神社・寺院・教会,弥谷寺,B
1115,四国,香川,善通寺市,人文,神社・寺院・教会,善通寺,B
1116,四国,香川,三豊市,人文,神社・寺院・教会,本山寺,B
1117,四国,香川,さぬき市,人文,神社・寺院・教会,大窪寺,B
1118,四国,愛媛,今治市,人文,神社・寺院・教会,大山祇神社,B
1119,四国,愛媛,宇和島市,人文,神社・寺院・教会,和霊神社,B
1120,四国,愛媛,松山市,人文,神社・寺院・教会,石手寺,B
1121,四国,愛媛,松山市,人文,神社・寺院・教会,太山寺,B
1122,四国,愛媛,松山市,人文,神社・寺院・教会,伊佐爾波神社,B
1123,四国,愛媛,西条市,人文,神社・寺院・教会,（西山）興隆寺,B
1124,四国,愛媛,上島町,人文,神社・寺院・教会,祥雲寺,B
1125,四国,愛媛,大洲市,人文,神社・寺院・教会,（金山）出石寺,B
1126,四国,愛媛,松山市,人文,神社・寺院・教会,伊豫豆比古命神社（通称：椿神社）,B
1127,四国,愛媛,西条市,人文,神社・寺院・教会,伊曽乃神社,B
1128,四国,愛媛,西条市,人文,神社・寺院・教会,石鎚神社,B
1129,四国,愛媛,西条市,人文,神社・寺院・教会,保国寺,B
1130,四国,愛媛,大洲市,人文,神社・寺院・教会,如法寺,B
1131,四国,愛媛,西予市,人文,神社・寺院・教会,龍澤寺,B
1132,四国,愛媛,久万高原町,人文,神社・寺院・教会,岩屋寺,B
1133,四国,高知,高知市,人文,神社・寺院・教会,竹林寺,B
1134,四国,高知,南国市,人文,神社・寺院・教会,（土佐）国分寺,B
1135,四国,高知,高知市,人文,神社・寺院・教会,土佐神社,B
1136,四国,高知,須崎市,人文,神社・寺院・教会,鳴無神社,B
1137,四国,高知,室戸市,人文,神社・寺院・教会,金剛頂寺,B
1138,四国,高知,室戸市,人文,神社・寺院・教会,最御崎寺,B
1139,四国,高知,日高村,人文,神社・寺院・教会,小村神社,B
1140,四国,高知,大豊町,人文,神社・寺院・教会,豊楽寺,B
1141,九州,福岡,太宰府市,人文,神社・寺院・教会,太宰府天満宮,A
1142,九州,福岡,添田町,人文,神社・寺院・教会,英彦山神宮,B
1143,九州,福岡,福岡市,人文,神社・寺院・教会,筥崎宮,B
1144,九州,福岡,宗像市,人文,神社・寺院・教会,宗像大社,B
1145,九州,福岡,福岡市,人文,神社・寺院・教会,香椎宮,B
1146,九州,福岡,福岡市,人文,神社・寺院・教会,住吉神社,B
1147,九州,福岡,太宰府市,人文,神社・寺院・教会,観世音寺,B
1148,九州,福岡,久留米市,人文,神社・寺院・教会,高良大社,B
1149,九州,福岡,福岡市,人文,神社・寺院・教会,聖福寺,B
1150,九州,佐賀,鹿島市,人文,神社・寺院・教会,祐徳稲荷神社,A
1151,九州,佐賀,多久市,人文,神社・寺院・教会,多久聖廟,B
1152,九州,長崎,長崎市,人文,神社・寺院・教会,大浦天主堂,A
1153,九州,長崎,新上五島町/平戸市,人文,神社・寺院・教会,長崎の教会群,A
1154,九州,長崎,平戸市,人文,神社・寺院・教会,平戸・田平の教会,B
1155,九州,長崎,長崎市,人文,神社・寺院・教会,大野教会堂,B
1156,九州,長崎,佐世保市,人文,神社・寺院・教会,黒島天主堂,B
1157,九州,長崎,対馬市,人文,神社・寺院・教会,万松院,B
1158,九州,長崎,長崎市,人文,神社・寺院・教会,崇福寺,B
1159,九州,長崎,長崎市,人文,神社・寺院・教会,浦上天主堂,B
1160,九州,熊本,天草市,人文,神社・寺院・教会,崎津・大江の教会,B
1161,九州,熊本,阿蘇市,人文,神社・寺院・教会,阿蘇神社,B
1162,九州,熊本,熊本市,人文,神社・寺院・教会,藤崎八幡宮,B
1163,九州,熊本,熊本市,人文,神社・寺院・教会,本妙寺,B
1164,九州,熊本,人吉市,人文,神社・寺院・教会,青井阿蘇神社,B
1165,九州,大分,宇佐市,人文,神社・寺院・教会,宇佐神宮,A
1166,九州,大分,国東市,人文,神社・寺院・教会,両子寺,B
1167,九州,宮崎,日南市,人文,神社・寺院・教会,鵜戸神宮,B
1168,九州,宮崎,宮崎市,人文,神社・寺院・教会,宮崎神宮,B
1169,九州,宮崎,宮崎市,人文,神社・寺院・教会,青島神社,B
1170,九州,鹿児島,鹿児島市,人文,神社・寺院・教会,照国神社,B
1171,九州,鹿児島,霧島市,人文,神社・寺院・教会,霧島神宮,B
1172,九州,沖縄,南城市,人文,神社・寺院・教会,斎場御嶽,A
1173,北海道,北海道,函館市,人文,城跡・城郭・宮殿,五稜郭,A
1174,北海道,北海道,松前町,人文,城跡・城郭・宮殿,松前城,B
1175,東北,青森,弘前市,人文,城跡・城郭・宮殿,弘前城,B
1176,東北,宮城,多賀城市,人文,城跡・城郭・宮殿,多賀城,B
1177,東北,宮城,仙台市,人文,城跡・城郭・宮殿,青葉城（青葉城公園）,B
1178,東北,福島,会津若松市,人文,城跡・城郭・宮殿,若松城（鶴ヶ城）,A
1179,東北,福島,二本松市,人文,城跡・城郭・宮殿,二本松城,B
1180,東北,福島,白河市,人文,城跡・城郭・宮殿,白河小峰城,B
1181,東京,東京,千代田区,人文,城跡・城郭・宮殿,江戸城跡,S
1182,南関東,神奈川,小田原市,人文,城跡・城郭・宮殿,小田原城,B
1183,北陸,新潟,新発田市,人文,城跡・城郭・宮殿,新発田城,B
1184,北陸,富山,富山市,人文,城跡・城郭・宮殿,富山城,B
1185,北陸,富山,高岡市,人文,城跡・城郭・宮殿,高岡城,B
1186,北陸,石川,金沢市,人文,城跡・城郭・宮殿,金沢城,B
1187,北陸,福井,坂井市,人文,城跡・城郭・宮殿,丸岡城,A
1188,東海,長野,松本市,人文,城跡・城郭・宮殿,松本城,A
1189,東海,長野,上田市,人文,城跡・城郭・宮殿,上田城,B
1190,東海,長野,長野市,人文,城跡・城郭・宮殿,松代城,B
1191,東海,長野,伊那市,人文,城跡・城郭・宮殿,高遠城,B
1192,東海,長野,小諸市,人文,城跡・城郭・宮殿,小諸城（懐古園）,B
1193,北陸,岐阜,恵那市,人文,城跡・城郭・宮殿,岩村城,B
1194,北陸,岐阜,郡上市,人文,城跡・城郭・宮殿,郡上八幡城,B
1195,北陸,岐阜,岐阜市,人文,城跡・城郭・宮殿,岐阜城,B
1196,東海,静岡,静岡市,人文,城跡・城郭・宮殿,駿府城,B
1197,東海,静岡,掛川市,人文,城跡・城郭・宮殿,掛川城,B
1198,東海,愛知,名古屋市,人文,城跡・城郭・宮殿,名古屋城,A
1199,東海,愛知,岡崎市,人文,城跡・城郭・宮殿,岡崎城,B
1200,東海,愛知,犬山市,人文,城跡・城郭・宮殿,犬山城,B
1201,南関西,三重,伊賀市,人文,城跡・城郭・宮殿,伊賀上野城,B
1202,北関西,滋賀,彦根市,人文,城跡・城郭・宮殿,彦根城,A
1203,北関西,滋賀,近江八幡市,人文,城跡・城郭・宮殿,安土城,B
1204,北関西,京都,京都市,人文,城跡・城郭・宮殿,桂離宮,S
1205,北関西,京都,京都市,人文,城跡・城郭・宮殿,京都御所,S
1206,北関西,京都,京都市,人文,城跡・城郭・宮殿,二条城,A
1207,南関西,大阪,大阪市,人文,城跡・城郭・宮殿,大阪城（大阪城公園）,A
1208,南関西,大阪,岸和田市,人文,城跡・城郭・宮殿,岸和田城,B
1209,中国,兵庫,姫路市,人文,城跡・城郭・宮殿,姫路城,S
1210,中国,兵庫,篠山市,人文,城跡・城郭・宮殿,篠山城,B
1211,中国,兵庫,赤穂市,人文,城跡・城郭・宮殿,赤穂城,B
1212,中国,兵庫,明石市,人文,城跡・城郭・宮殿,明石城,B
1213,南関西,和歌山,和歌山市,人文,城跡・城郭・宮殿,和歌山城,B
1214,中国,鳥取,鳥取市,人文,城跡・城郭・宮殿,鳥取城,B
1215,中国,鳥取,米子市,人文,城跡・城郭・宮殿,米子城,B
1216,中国,島根,松江市,人文,城跡・城郭・宮殿,松江城,A
1217,中国,島根,津和野町,人文,城跡・城郭・宮殿,津和野城,B
1218,中国,岡山,総社市,人文,城跡・城郭・宮殿,鬼ノ城,B
1219,中国,岡山,岡山市,人文,城跡・城郭・宮殿,岡山城,B
1220,中国,岡山,高梁市,人文,城跡・城郭・宮殿,備中松山城,B
1221,中国,岡山,津山市,人文,城跡・城郭・宮殿,津山城,B
1222,中国,広島,広島市,人文,城跡・城郭・宮殿,広島城,B
1223,中国,広島,福山市,人文,城跡・城郭・宮殿,福山城,B
1224,中国,山口,萩市,人文,城跡・城郭・宮殿,萩城,B
1225,中国,山口,岩国市,人文,城跡・城郭・宮殿,岩国城,B
1226,四国,徳島,徳島市,人文,城跡・城郭・宮殿,徳島城跡,B
1227,四国,香川,高松市,人文,城跡・城郭・宮殿,高松城,B
1228,四国,香川,丸亀市,人文,城跡・城郭・宮殿,丸亀城,B
1229,四国,愛媛,松山市,人文,城跡・城郭・宮殿,松山城,A
1230,四国,愛媛,宇和島市,人文,城跡・城郭・宮殿,宇和島城,B
1231,四国,愛媛,今治市,人文,城跡・城郭・宮殿,今治城,B
1232,四国,愛媛,大洲市,人文,城跡・城郭・宮殿,大洲城,B
1233,四国,高知,高知市,人文,城跡・城郭・宮殿,高知城,A
1234,九州,福岡,大野城市,人文,城跡・城郭・宮殿,大野城,B
1235,九州,福岡,福岡市,人文,城跡・城郭・宮殿,福岡城（大濠公園）,B
1236,九州,佐賀,唐津市,人文,城跡・城郭・宮殿,唐津城,B
1237,九州,長崎,島原市,人文,城跡・城郭・宮殿,島原城,B
1238,九州,長崎,平戸市,人文,城跡・城郭・宮殿,平戸城,B
1239,九州,長崎,南島原市,人文,城跡・城郭・宮殿,原城跡,B
1240,九州,熊本,熊本市,人文,城跡・城郭・宮殿,熊本城,A
1241,九州,熊本,山鹿市,人文,城跡・城郭・宮殿,鞠智城,B
1242,九州,熊本,人吉市,人文,城跡・城郭・宮殿,人吉城,B
1243,九州,大分,竹田市,人文,城跡・城郭・宮殿,岡城,B
1244,九州,宮崎,日南市,人文,城跡・城郭・宮殿,飫肥城,B
1245,九州,沖縄,那覇市,人文,城跡・城郭・宮殿,首里城（首里城公園）,A
1246,九州,沖縄,今帰仁村,人文,城跡・城郭・宮殿,今帰仁城,A
1247,九州,沖縄,北中城村,人文,城跡・城郭・宮殿,中城,B
1248,北海道,北海道,函館市,人文,集落・街,函館市元町末広町の街並み,A
1249,北海道,北海道,札幌市,人文,集落・街,すすきの,B
1250,北海道,北海道,函館市,人文,建造物,函館の石造り建造物と倉庫群,B
1251,東北,岩手,金ケ崎町,人文,集落・街,金ケ崎町城内諏訪小路,B
1252,東北,宮城,登米市,人文,集落・街,登米町の歴史的建造物群,B
1253,東北,秋田,仙北市,人文,集落・街,角館武家屋敷,A
1254,東北,山形,鶴岡市,人文,集落・街,羽黒山宿坊,B
1255,東北,福島,下郷町,人文,集落・街,大内宿,A
1256,東北,福島,喜多方市,人文,集落・街,喜多方蔵の街並み,B
1257,北関東,茨城,桜川市,人文,集落・街,桜川市真壁の街並み,B
1258,北関東,栃木,栃木市,人文,集落・街,巴波川の蔵屋敷,B
1259,南関東,埼玉,川越市,人文,集落・街,川越の街並み,A
1260,南関東,千葉,香取市,人文,集落・街,佐原の街並み,B
1261,東京,東京,渋谷区,人文,集落・街,原宿,S
1262,東京,東京,中央区,人文,集落・街,銀座通り,A
1263,東京,東京,台東区,人文,集落・街,合羽橋商店街の道具街,B
1264,東京,東京,千代田区,人文,集落・街,神田の古本屋街,B
1265,東京,東京,豊島区,人文,集落・街,巣鴨地蔵通り商店街,B
1266,東京,東京,新宿区,人文,集落・街,新大久保,B
1267,東京,東京,渋谷区,人文,集落・街,代官山,B
1268,東京,東京,港区,人文,集落・街,六本木,B
1269,東京,東京,渋谷区,人文,集落・街,渋谷,B
1270,東京,東京,豊島区,人文,集落・街,池袋,B
1271,東京,東京,千代田区,人文,集落・街,丸の内,B
1272,東京,東京,台東区/文京区,人文,集落・街,谷根千（谷中・根津・千駄木）,B
1273,東京,東京,台東区,人文,集落・街,秋葉原,B
1274,東京,東京,新宿区,人文,集落・街,新宿歌舞伎町,B
1275,東京,東京,檜原村,人文,集落・街,数馬の民家,B
1276,東京,東京,世田谷市,人文,年中行事（祭り・伝統行事）,世田谷ボロ市,B
1277,南関東,神奈川,横浜市,人文,集落・街,みなとみらい,B
1278,北陸,新潟,佐渡市,人文,集落・街,宿根木集落,B
1279,北陸,富山,南砺市,人文,集落・街,五箇山合掌造り集落,A
1280,北陸,富山,高岡市,人文,集落・街,高岡市山町筋の街並み,B
1281,北陸,富山,高岡市,人文,集落・街,高岡市金屋町の街並み,B
1282,北陸,石川,金沢市,人文,集落・街,金沢の武家屋敷,B
1283,北陸,石川,金沢市,人文,集落・街,金沢のひがし茶屋街,A
1284,北陸,石川,珠洲市/輪島市/能登町/穴水町,人文,集落・街,奥能登の黒瓦の集落群,A
1285,北陸,石川,加賀市,人文,集落・街,加賀東谷の街並み,B
1286,北陸,石川,加賀市,人文,集落・街,橋立町の船板住宅群,B
1287,北陸,福井,若狭町,人文,集落・街,若狭町熊川宿,B
1288,東海,長野,塩尻市,人文,集落・街,奈良井宿,B
1289,東海,長野,東御市,人文,集落・街,東御市海野宿,B
1290,東海,長野,南木曽町,人文,集落・街,妻籠宿,B
1291,東海,長野,小布施町,人文,集落・街,小布施の街並み,B
1292,北陸,岐阜,羽島市/海津市/愛西市/弥富市/桑名市/木曽岬町,人文,集落・街,木曽川の輪中集落,A
1293,北陸,岐阜,白川村,人文,集落・街,白川郷合掌造り集落,S
1294,北陸,岐阜,高山市,人文,集落・街,高山三町の街並み,A
1295,北陸,岐阜,恵那市,人文,集落・街,恵那市岩村町本通りの街並み,B
1296,北陸,岐阜,郡上市,人文,集落・街,郡上八幡湧水のまち,B
1297,北陸,岐阜,飛騨市,人文,集落・街,古川町屋と土蔵群,B
1298,北陸,岐阜,高山市,人文,郷土景観,宮川朝市,B
1299,南関西,三重,亀山市,人文,集落・街,関宿,B
1300,南関西,三重,松阪市,人文,集落・街,松阪の武家屋敷の街並み,B
1301,北関西,滋賀,東近江市,人文,集落・街,東近江市五個荘金堂の街並み,B
1302,北関西,滋賀,近江八幡市,人文,集落・街,近江八幡土蔵洋館群,B
1303,北関西,滋賀,大津市,人文,集落・街,坂本門前町の街並み,B
1304,北関西,滋賀,彦根市,人文,集落・街,彦根の街並み,B
1305,北関西,京都,京都市,人文,集落・街,祇園界隈,S
1306,北関西,京都,伊根町,人文,集落・街,伊根の舟屋群,A
1307,北関西,京都,南丹市,人文,集落・街,美山町北山村集落,A
1308,北関西,京都,京都市,人文,集落・街,産寧坂の街並み,A
1309,北関西,京都,京都市,人文,集落・街,上賀茂の街並み,B
1310,北関西,京都,京都市,人文,集落・街,嵯峨鳥居本門前町の街並み,B
1311,南関西,大阪,大阪市,人文,集落・街,道頓堀,A
1312,南関西,大阪,富田林市,人文,集落・街,富田林の街並み,B
1313,中国,兵庫,神戸市,人文,集落・街,神戸北野異人館群,A
1314,中国,兵庫,姫路市,人文,集落・街,家島の街並み,B
1315,中国,兵庫,神戸市,人文,集落・街,神戸市北野町山本通の街並み,B
1316,中国,兵庫,篠山市,人文,集落・街,篠山市福住の街並み,B
1317,中国,兵庫,神戸市,人文,建造物,メリケンパーク,B
1318,中国,兵庫,豊岡市,人文,集落・街,出石の街並み,B
1319,南関西,奈良,橿原市,人文,集落・街,今井町の街並み,A
1320,南関西,奈良,宇陀市,人文,集落・街,宇陀市松山の街並み,B
1321,南関西,奈良,大和郡山市,人文,集落・街,大和郡山の街並み,B
1322,南関西,奈良,奈良市,人文,集落・街,奈良町の街並み,B
1323,中国,島根,大田市,人文,集落・街,大森町の街並み,B
1324,中国,島根,津和野町,人文,集落・街,津和野の街並み,B
1325,中国,岡山,倉敷市,人文,集落・街,倉敷川畔の街並み,A
1326,中国,岡山,笠岡市,人文,集落・街,真鍋島の街並み,B
1327,中国,岡山,岡山市,人文,集落・街,吉備津の門前町,B
1328,中国,岡山,高梁市,人文,集落・街,吹屋の街並み,B
1329,中国,岡山,高梁市,人文,集落・街,高梁の街並み,B
1330,中国,岡山,津山市,人文,集落・街,津山市上ノ町の街並み,B
1331,中国,広島,福山市,人文,集落・街,鞆の街並み,B
1332,中国,広島,竹原市,人文,集落・街,竹原の街並み,B
1333,中国,広島,尾道市,人文,集落・街,尾道山手地区の街並み,B
1334,中国,山口,柳井市,人文,集落・街,柳井市古市金屋の街並み,B
1335,中国,山口,萩市,人文,集落・街,萩の武家屋敷,B
1336,中国,山口,下関市,人文,集落・街,長府の侍屋敷,B
1337,四国,徳島,阿南市,人文,集落・街,椿泊漁村景観,B
1338,四国,徳島,美馬市,人文,集落・街,卯だつの街並み,B
1339,四国,香川,高松市,人文,集落・街,男木島の街並み,B
1340,四国,香川,琴平町,人文,集落・街,琴平門前町,B
1341,四国,愛媛,愛南町,人文,集落・街,外泊の石垣集落,B
1342,四国,愛媛,西予市,人文,集落・街,西予市宇和町卯之町の街並み,B
1343,四国,愛媛,内子町,人文,集落・街,内子の街並み,B
1344,四国,高知,室戸市,人文,集落・街,吉良川町の街並み,B
1345,九州,福岡,八女市,人文,集落・街,八女福島の街並み,B
1346,九州,福岡,八女市,人文,集落・街,黒木の街並み,B
1347,九州,福岡,うきは市,人文,集落・街,筑後吉井の街並み,B
1348,九州,福岡,うきは市,人文,集落・街,新川田篭の街並み,B
1349,九州,福岡,甘木市,人文,集落・街,秋月城下町の街並み,B
1350,九州,佐賀,鹿島市,人文,集落・街,浜庄津町浜金屋の街並み,B
1351,九州,佐賀,鹿島市,人文,集落・街,浜中町八本木宿の街並み,B
1352,九州,佐賀,嬉野市,人文,集落・街,塩田津の街並み,B
1353,九州,長崎,平戸市,人文,集落・街,大島村神浦の街並み,B
1354,九州,長崎,長崎市,人文,集落・街,旧外国人居留地の洋風建築群,B
1355,九州,大分,杵築市,人文,集落・街,杵築武家屋敷,B
1356,九州,大分,日田市,人文,集落・街,豆田町の街並み,B
1357,九州,大分,中津市,人文,集落・街,中津武家屋敷,B
1358,九州,宮崎,日向市,人文,集落・街,美々津の街並み,B
1359,九州,宮崎,日南市,人文,集落・街,飫肥城下町の街並み,B
1360,九州,鹿児島,南九州市,人文,集落・街,知覧武家屋敷,A
1361,九州,鹿児島,出水市,人文,集落・街,出水麓の街並み,B
1362,九州,鹿児島,薩摩川内市,人文,集落・街,入来麓の街並み,B
1363,九州,沖縄,竹富町,人文,集落・街,竹富島の赤瓦葺き民家群,A
1364,九州,沖縄,那覇市,人文,集落・街,国際通り,B
1365,九州,沖縄,渡名喜村,人文,集落・街,渡名喜島の街並み,B
1366,北海道,北海道,函館市,人文,郷土景観,函館山からの函館市街地の夜景,A
1367,北海道,北海道,美瑛町,人文,郷土景観,美瑛の丘の農村風景,A
1368,北海道,北海道,札幌市,人文,郷土景観,札幌市中央卸売市場,B
1369,北海道,北海道,函館市,人文,郷土景観,函館の朝市,B
1370,北海道,北海道,札幌市,人文,郷土景観,二条市場,B
1371,北海道,北海道,小樽市,人文,集落・街,小樽の運河と石造り倉庫群,B
1372,北海道,北海道,中富良野町,人文,郷土景観,富良野のラベンダー,B
1373,北海道,北海道,北竜町,人文,郷土景観,北竜のひまわり,B
1374,北海道,北海道,上士幌町,人文,建造物,旧国鉄士幌線コンクリートアーチ橋りょう群,B
1375,北海道,北海道,日高町,人文,郷土景観,様似・浦河の競走馬牧場,B
1376,東北,青森,むつ市,人文,郷土景観,恐山の霊場景観と湯小屋群,A
1377,東北,青森,弘前市,人文,郷土景観,弘前のリンゴ畑,A
1378,東北,青森,横浜町,人文,郷土景観,横浜町の菜の花畑,B
1379,東北,岩手,雫石町,人文,郷土景観,小岩井農場,B
1380,東北,宮城,大崎市,人文,郷土景観,鳴子のこけし館,B
1381,東北,宮城,気仙沼市,人文,郷土景観,気仙沼港,B
1382,北関東,茨城,笠間市,人文,郷土景観,笠間焼,B
1383,南関東,千葉,香取市,人文,郷土景観,水郷,B
1384,北関東,群馬,富岡市,人文,郷土景観,旧富岡製糸場,A
1385,北関東,群馬,安中市,人文,郷土景観,秋間梅林,B
1386,北関東,群馬,嬬恋村,人文,郷土景観,嬬恋村のキャベツ畑,B
1387,南関東,埼玉,所沢市/三芳町,人文,郷土景観,三富新田の農村,B
1388,南関東,千葉,南房総市,人文,郷土景観,南房総の花畑,B
1389,東京,東京,中央区,人文,郷土景観,築地市場,S
1390,東京,東京,小笠原村,人文,郷土景観,小笠原の見送り,S
1391,東京,東京,中央区,人文,郷土景観,隅田川橋梁群,A
1392,東京,東京,台東区,人文,集落・街,アメ横,B
1393,東京,東京,大田区,人文,郷土景観,大田区の町工場群,B
1394,南関東,神奈川,横浜市,人文,建造物,赤れんが,B
1395,南関東,神奈川,川崎市,人文,郷土景観,川崎臨海工業地域の工場群,B
1396,南関東,神奈川,鎌倉市/藤沢市,人文,郷土景観,江ノ島電鉄,B
1397,南関東,神奈川,箱根町,人文,郷土景観,箱根登山電車,B
1398,北陸,富山,黒部市,人文,郷土景観,黒部峡谷トロッコ列車,B
1399,北陸,富山,小矢部市,人文,郷土景観,小矢部のメルヘン建築群,B
1400,北陸,富山,礪波市,人文,郷土景観,礪波平野のチューリップ畑,B
1401,北陸,富山,滑川市,人文,郷土景観,ホタルイカ漁,B
1402,北陸,石川,輪島市,人文,郷土景観,輪島白米千枚田,A
1403,北陸,石川,金沢市,人文,集落・街,近江町市場,B
1404,北陸,石川,輪島市,人文,郷土景観,輪島の朝市,B
1405,北陸,石川,金沢市,人文,集落・街,金沢市主計町,B
1406,北陸,石川,金沢市,人文,集落・街,金沢市卯辰山麓,B
1407,北陸,石川,金沢市,人文,集落・街,金沢市寺町台,B
1408,東海,山梨,笛吹市,人文,郷土景観,甲府盆地の桃畑,A
1409,東海,山梨,甲州市,人文,郷土景観,甲府盆地のブドウ畑,B
1410,東海,長野,千曲市,人文,郷土景観,姨捨からの夜景,B
1411,東海,長野,南木曽町,人文,建造物,読書発電所諸施設,B
1412,東海,長野,千曲市,人文,郷土景観,更埴のあんず,B
1413,東海,長野,飯田市,人文,郷土景観,遠山郷・上村下栗の農村,B
1414,東海,長野,千曲市,人文,郷土景観,姨捨の棚田,B
1415,東海,長野,塩尻市,人文,郷土景観,木曾平沢の街並み,B
1416,北陸,岐阜,高山市,人文,郷土景観,高山の朝市,A
1417,北陸,岐阜,岐阜市,人文,郷土景観,長良川の鵜飼,A
1418,北陸,岐阜,美濃市,人文,郷土景観,美濃町の街並み,B
1419,東海,静岡,牧之原市,人文,郷土景観,牧之原の茶畑,A
1420,東海,静岡,島田市,人文,郷土景観,大井川鐵道のSL列車,A
1421,東海,静岡,伊豆の国市,人文,建造物,韮山反射炉,B
1422,東海,愛知,常滑市,人文,郷土景観,常滑焼の街並み,B
1423,南関西,三重,熊野市,人文,郷土景観,丸山千枚田,A
1424,南関西,三重,伊勢市,人文,郷土景観,おはらい町,B
1425,北関西,滋賀,甲賀市,人文,郷土景観,信楽焼の街並み,B
1426,北関西,京都,和束町,人文,郷土景観,和束町の茶畑,A
1427,北関西,京都,京都市,人文,郷土景観,伏見の酒蔵群,B
1428,北関西,京都,京都市,人文,郷土景観,嵯峨野トロッコ列車,B
1429,北関西,京都,京都市,人文,集落・街,錦市場商店街,B
1430,北関西,滋賀,大津市,人文,建造物,琵琶湖疏水施設群,B
1431,中国,兵庫,神戸市,人文,郷土景観,灘の酒蔵群,B
1432,中国,兵庫,明石市,人文,郷土景観,魚の棚商店街,B
1433,中国,兵庫,神戸市,人文,郷土景観,六甲山からの神戸の夜景,B
1434,中国,鳥取,境港市,人文,郷土景観,水木しげるロード,B
1435,中国,島根,出雲市/松江市,人文,郷土景観,宍道湖のシジミ漁,A
1436,中国,島根,出雲市/平田市,人文,郷土景観,出雲平野の築地松,B
1437,中国,岡山,備前市,人文,郷土景観,備前焼の街並み,B
1438,中国,岡山,岡山市,人文,郷土景観,西川緑道,B
1439,中国,広島,呉市,人文,郷土景観,呉市豊町御手洗の街並み,B
1440,四国,香川,丸亀市,人文,郷土景観,塩飽本島町笠島の街並み,B
1441,四国,愛媛,宇和島市,人文,郷土景観,遊子水荷浦の段畑,B
1442,四国,愛媛,松山市,人文,史跡,ロシア人墓地,B
1443,四国,高知,高知市,人文,郷土景観,ひろめ市場,B
1444,九州,福岡,北九州市,人文,郷土景観,旦過市場,B
1445,九州,福岡,柳川市,人文,郷土景観,柳川の水路,B
1446,九州,福岡,八女市,人文,郷土景観,大茶園の景観,B
1447,九州,佐賀,有田町,人文,郷土景観,有田焼窯元群,A
1448,九州,佐賀,唐津市,人文,郷土景観,呼子の朝市,B
1449,九州,佐賀,唐津市,人文,郷土景観,大浦の棚田,B
1450,九州,長崎,長崎市,人文,郷土景観,軍艦島,A
1451,九州,長崎,長崎市,人文,郷土景観,稲佐山からの長崎の夜景,B
1452,九州,長崎,対馬市,人文,郷土景観,椎根の石屋根倉庫,B
1453,九州,熊本,宇城市,人文,建造物,三角西港,B
1454,九州,熊本,小国町,人文,建造物,旧国鉄宮原線コンクリートアーチ橋りょう群,B
1455,九州,大分,竹田市,人文,郷土景観,農業水利施設群,B
1456,九州,宮崎,延岡市,人文,郷土景観,北浦町地下の段々茶畑,B
1457,九州,鹿児島,日置市,人文,郷土景観,薩摩焼の里美山,B
1458,九州,鹿児島,南九州市,人文,郷土景観,知覧の茶畑,B
1459,九州,沖縄,那覇市,人文,郷土景観,牧志公設市場,A
1460,九州,沖縄,那覇市,人文,郷土景観,壷屋やちむん通り,B
1461,北海道,北海道,札幌市,人文,庭園・公園,大通公園,A
1462,北海道,北海道,札幌市,人文,庭園・公園,モエレ沼公園,A
1463,北海道,北海道,旭川市,人文,庭園・公園,上野ファーム,B
1464,東北,青森,平川市,人文,庭園・公園,盛美園,B
1465,東北,宮城,大崎市,人文,庭園・公園,旧有備館庭園,B
1466,東北,福島,白河市,人文,庭園・公園,南湖公園,B
1467,北関東,茨城,水戸市,人文,庭園・公園,偕楽園,A
1468,北関東,茨城,ひたちなか市,人文,庭園・公園,国営ひたち海浜公園,B
1469,東京,東京,新宿区,人文,庭園・公園,新宿御苑,A
1470,東京,東京,中央区,人文,庭園・公園,浜離宮恩賜庭園,A
1471,東京,東京,立川市,人文,庭園・公園,国営昭和記念公園,B
1472,東京,東京,港区,人文,庭園・公園,国立科学博物館附属自然教育園,B
1473,東京,東京,北区,人文,庭園・公園,旧古河庭園,B
1474,東京,東京,新宿区/港区,人文,庭園・公園,明治神宮外苑,B
1475,東京,東京,江東区,人文,庭園・公園,清澄庭園,B
1476,東京,東京,文京区,人文,庭園・公園,六義園,B
1477,東京,東京,文京区,人文,庭園・公園,小石川後楽園,B
1478,東京,東京,千代田区,人文,庭園・公園,日比谷公園,B
1479,東京,東京,墨田区,人文,庭園・公園,向島百花園,B
1480,南関東,神奈川,横浜市,人文,庭園・公園,三渓園,B
1481,北陸,新潟,新発田市,人文,庭園・公園,清水園,B
1482,北陸,石川,金沢市,人文,庭園・公園,兼六園,A
1483,北陸,石川,金沢市,人文,庭園・公園,玉泉園,B
1484,北関西,滋賀,彦根市,人文,庭園・公園,玄宮楽々園,B
1485,北関西,滋賀,大津市,人文,庭園・公園,居初邸庭園,B
1486,北関西,京都,京都市,人文,庭園・公園,修学院離宮庭園,S
1487,北関西,京都,京都市,人文,庭園・公園,仙洞御所,A
1488,北関西,京都,京都市,人文,庭園・公園,無鄰菴庭園,B
1489,南関西,大阪,東大阪市,人文,建造物,鴻池新田会所,B
1490,南関西,大阪,大阪市,人文,庭園・公園,中之島公園,B
1491,南関西,大阪,大阪市,人文,庭園・公園,慶沢園,B
1492,南関西,奈良,宇陀市,人文,動植物園・水族館,森野旧薬園,B
1493,南関西,和歌山,和歌山市,人文,庭園・公園,養翠園,B
1494,中国,岡山,岡山市,人文,庭園・公園,後楽園,A
1495,中国,岡山,津山市,人文,庭園・公園,衆楽園,B
1496,中国,広島,広島市,人文,庭園・公園,縮景園,B
1497,中国,山口,防府市,人文,建造物,毛利本邸,B
1498,四国,香川,高松市,人文,庭園・公園,栗林公園,A
1499,四国,愛媛,宇和島市,人文,庭園・公園,天赦園,B
1500,九州,福岡,福岡市,人文,庭園・公園,大濠公園,B
1501,九州,福岡,添田町,人文,庭園・公園,旧亀石坊庭園,B
1502,九州,福岡,柳川市,人文,庭園・公園,立花氏邸,B
1503,九州,熊本,熊本市,人文,庭園・公園,水前寺成趣園,A
1504,九州,鹿児島,鹿児島市,人文,庭園・公園,磯庭園（仙巌園）,A
1505,九州,沖縄,那覇市,人文,庭園・公園,識名園,A
1506,北海道,北海道,札幌市,人文,建造物,豊平館,B
1507,北海道,北海道,上士幌町,人文,建造物,タウシュベツ川橋梁,B
1508,北海道,北海道,札幌市,人文,建造物,札幌市時計台（旧札幌農学校演武場）,B
1509,北海道,北海道,札幌市,人文,建造物,北海道庁旧本庁舎（赤れんが庁舎）,B
1510,北海道,北海道,北広島市,人文,建造物,旧島松駅逓所,B
1511,東北,青森,弘前市,人文,集落・街,弘前の洋館群,B
1512,東北,青森,五所川原市,人文,建造物,斜陽館（太宰治生家）,B
1513,東北,岩手,盛岡市,人文,建造物,旧盛岡銀行,B
1514,東北,岩手,盛岡市,人文,建造物,旧第九十銀行本店本館,B
1515,東北,岩手,盛岡市,人文,建造物,紺屋町番屋,B
1516,東北,岩手,遠野市,人文,建造物,宮森川橋梁（めがね橋）,B
1517,東北,宮城,松島町,人文,建造物,観瀾亭,B
1518,東北,宮城,登米市,人文,建造物,旧登米高等尋常小学校校舎,B
1519,東北,秋田,小坂町,人文,建造物,十和田ホテル本館,B
1520,東北,秋田,小坂町,人文,建造物,小坂鉱山事務所,B
1521,東北,山形,酒田市,人文,建造物,酒田山居倉庫,B
1522,東北,山形,山形市,人文,建造物,山形市郷土館（旧済生館本館）,B
1523,東北,福島,猪苗代町,人文,建造物,天鏡閣,B
1524,北関東,茨城,常陸太田市,人文,建造物,西山荘,B
1525,北関東,茨城,牛久市,人文,建造物,シャトーカミヤ,B
1526,北関東,栃木,日光市,人文,建造物,旧田母沢御用邸,B
1527,北関東,栃木,日光市,人文,建造物,中禅寺湖畔の外国大使館別荘群,B
1528,北関東,栃木,日光市,人文,建造物,日光金谷ホテル,B
1529,北関東,群馬,安中市,人文,建造物,碓氷峠鉄道施設,B
1530,南関東,千葉,木更津市,人文,建造物,アクアライン,B
1531,東京,東京,墨田区,人文,建造物,東京スカイツリー,A
1532,東京,東京,港区,人文,建造物,東京タワー,A
1533,東京,東京,千代田区,人文,建造物,国会議事堂,A
1534,東京,東京,千代田区,人文,建造物,東京駅,A
1535,東京,東京,文京区,人文,建造物,湯島聖堂,B
1536,東京,東京,港区,人文,建造物,迎賓館赤坂離宮,B
1537,東京,東京,中央区,人文,建造物,日本銀行本店,B
1538,東京,東京,台東区,人文,建造物,旧岩崎邸,B
1539,東京,東京,港区,人文,建造物,レインボーブリッジ,B
1540,東京,東京,台東区,人文,建造物,台東区立旧東京音楽学校奏楽堂,B
1541,東京,東京,千代田区,人文,建造物,明治生命館,B
1542,南関東,神奈川,横浜市,人文,建造物,横浜ベイブリッジ,B
1543,南関東,神奈川,横浜市,人文,建造物,山手西洋館,B
1544,南関東,神奈川,横浜市,人文,建造物,横浜三塔,B
1545,南関東,神奈川,箱根町,人文,建造物,富士屋ホテル,B
1546,北陸,新潟,新発田市,人文,建造物,市島邸,B
1547,北陸,富山,立山町,人文,建造物,黒四ダム,A
1548,北陸,石川,輪島市,人文,建造物,時国家,B
1549,東海,長野,軽井沢町,人文,建造物,旧三笠ホテル,B
1550,東海,長野,松本市,人文,建造物,旧開智学校,B
1551,東海,静岡,島田市,人文,建造物,蓬莱橋,B
1552,南関西,三重,松阪市,人文,建造物,本居宣長旧宅,B
1553,南関西,三重,桑名市,人文,建造物,六華苑（旧諸戸清六邸）,B
1554,南関西,三重,桑名市,人文,建造物,伊勢大橋,B
1555,北関西,滋賀,甲賀市,人文,建造物,甲賀流忍術屋敷,B
1556,北関西,京都,京都市,人文,建造物,渡月橋,B
1557,北関西,京都,京都市,人文,建造物,角屋,B
1558,北関西,京都,京都市,人文,建造物,二条陣屋,B
1559,南関西,大阪,大阪市,人文,建造物,大阪市中央公会堂,A
1560,南関西,大阪,吹田市,人文,建造物,太陽の塔,A
1561,南関西,大阪,大阪市,人文,建造物,通天閣,B
1562,南関西,大阪,大阪市,人文,建造物,泉布観,B
1563,南関西,大阪,大阪市,人文,建造物,大阪府立中之島図書館,B
1564,南関西,大阪,堺市,人文,建造物,南海本線浜寺公園駅,B
1565,中国,兵庫,神戸市/淡路市,人文,建造物,明石海峡大橋,A
1566,中国,兵庫,香美町,人文,建造物,余部の鉄橋,B
1567,南関西,奈良,十津川村,人文,建造物,谷瀬の吊橋,B
1568,南関西,奈良,奈良市,人文,建造物,奈良ホテル,B
1569,南関西,奈良,奈良市,人文,建造物,JR旧奈良駅舎,B
1570,中国,鳥取,鳥取市,人文,建造物,仁風閣,B
1571,中国,島根,出雲市,人文,建造物,旧大社駅,B
1572,中国,岡山,備前市,人文,建造物,閑谷学校跡,A
1573,中国,岡山,倉敷市,人文,建造物,倉敷アイビースクエア,B
1574,中国,広島,江田島市,人文,建造物,海上自衛隊第1術科学校（旧海軍兵学校）,B
1575,中国,山口,岩国市,人文,建造物,錦帯橋,A
1576,中国,山口,山口市,人文,建造物,山口県政資料館,B
1577,四国,徳島,三好市,人文,建造物,祖谷のかずら橋,B
1578,四国,徳島,鳴門市/南あわじ市,人文,建造物,大鳴門橋,B
1579,四国,香川,観音寺市,人文,建造物,豊稔池ダム,B
1580,四国,愛媛,松山市,人文,建造物,萬翠荘（愛媛県立美術館分館郷土美術館）,B
1581,九州,佐賀,佐賀市,人文,建造物,旧筑後川橋りょう,B
1582,九州,長崎,長崎市,人文,建造物,旧グラバー住宅,A
1583,九州,長崎,長崎市,人文,建造物,眼鏡橋,B
1584,九州,長崎,長崎市,人文,建造物,孔子廟唐人館,B
1585,九州,熊本,南阿蘇村,人文,建造物,第一白川橋梁,B
1586,九州,熊本,山都町,人文,建造物,通潤橋,B
1587,九州,大分,竹田市,人文,建造物,白水ダム,B
1588,九州,大分,中津市,人文,建造物,耶馬渓橋,B
1589,九州,大分,九重町,人文,建造物,九重“夢”大吊橋,B
1590,九州,宮崎,美郷町,人文,建造物,西の正倉院,B
1591,九州,鹿児島,南種子町,人文,博物館・美術館,種子島宇宙センター,B
1592,九州,沖縄,糸満市,人文,建造物,ひめゆりの塔,B
1593,北海道,北海道,札幌市,人文,年中行事（祭り・伝統行事）,さっぽろ雪まつり,A
1594,北海道,北海道,札幌市,人文,年中行事（祭り・伝統行事）,ＹＯＳＡＫＯＩソーラン祭り,B
1595,北海道,北海道,釧路市,人文,芸能・興行・イベント,アイヌ古式舞踊,B
1596,東北,青森,青森市,人文,年中行事（祭り・伝統行事）,青森のねぶた・ねぷた,S
1597,東北,青森,弘前市,人文,年中行事（祭り・伝統行事）,お山参詣,B
1598,東北,青森,八戸市,人文,年中行事（祭り・伝統行事）,八戸三社大祭,B
1599,東北,青森,むつ市,人文,年中行事（祭り・伝統行事）,恐山例大祭,B
1600,東北,青森,むつ市,人文,年中行事（祭り・伝統行事）,田名部まつり,B
1601,東北,青森,八戸市,人文,年中行事（祭り・伝統行事）,八戸えんぶり,B
1602,東北,青森,黒石市,人文,年中行事（祭り・伝統行事）,黒石よされ,B
1603,東北,岩手,水沢市,人文,年中行事（祭り・伝統行事）,日高火防祭り,B
1604,東北,岩手,滝沢市/盛岡市,人文,年中行事（祭り・伝統行事）,チャグチャグ馬っ子祭,B
1605,東北,岩手,盛岡市,人文,年中行事（祭り・伝統行事）,盛岡さんさ踊り,B
1606,東北,岩手,北上市,人文,年中行事（祭り・伝統行事）,北上・みちのく芸能まつり（鬼剣舞）,B
1607,東北,岩手,花巻市,人文,年中行事（祭り・伝統行事）,花巻まつり,B
1608,東北,宮城,仙台市,人文,年中行事（祭り・伝統行事）,仙台七夕まつり,A
1609,東北,宮城,塩釜市,人文,年中行事（祭り・伝統行事）,塩釜みなと祭,B
1610,東北,秋田,秋田市,人文,年中行事（祭り・伝統行事）,竿燈まつり,A
1611,東北,秋田,大仙市,人文,年中行事（祭り・伝統行事）,大曲の花火,A
1612,東北,秋田,横手市,人文,年中行事（祭り・伝統行事）,かまくら,B
1613,東北,秋田,男鹿市,人文,年中行事（祭り・伝統行事）,なまはげ,B
1614,東北,秋田,仙北市,人文,年中行事（祭り・伝統行事）,角館祭りのやま行事,B
1615,東北,秋田,羽後町,人文,年中行事（祭り・伝統行事）,西馬音内の盆踊,B
1616,東北,秋田,鹿角市,人文,年中行事（祭り・伝統行事）,毛馬内の盆踊,B
1617,東北,秋田,鹿角市,人文,年中行事（祭り・伝統行事）,大日堂舞楽,B
1618,東北,秋田,秋田市,人文,年中行事（祭り・伝統行事）,土崎神明社祭の曳山行事,B
1619,東北,山形,山形市,人文,年中行事（祭り・伝統行事）,花笠まつり,A
1620,東北,山形,新庄市,人文,年中行事（祭り・伝統行事）,新庄祭り,B
1621,東北,山形,鶴岡市,人文,年中行事（祭り・伝統行事）,黒川能,B
1622,東北,山形,酒田市,人文,年中行事（祭り・伝統行事）,黒森歌舞伎,B
1623,東北,山形,鶴岡市,人文,年中行事（祭り・伝統行事）,羽黒山の松例祭,B
1624,東北,山形,天童市,人文,年中行事（祭り・伝統行事）,天童桜祭り,B
1625,東北,山形,酒田市,人文,年中行事（祭り・伝統行事）,酒田山王祭,B
1626,東北,山形,米沢市,人文,年中行事（祭り・伝統行事）,上杉祭り,B
1627,東北,福島,檜枝岐村,人文,年中行事（祭り・伝統行事）,檜枝岐歌舞伎,B
1628,東北,福島,相馬市/南相馬市,人文,年中行事（祭り・伝統行事）,相馬野馬追,A
1629,東北,福島,二本松市,人文,年中行事（祭り・伝統行事）,二本松提燈祭り,B
1630,東北,福島,郡山市,人文,年中行事（祭り・伝統行事）,釆女まつり,B
1631,東北,福島,南会津町,人文,年中行事（祭り・伝統行事）,田島祇園祭,B
1632,北関東,茨城,土浦市,人文,年中行事（祭り・伝統行事）,土浦全国花火競技大会,B
1633,北関東,茨城,鹿嶋市,人文,年中行事（祭り・伝統行事）,鹿島神宮祭頭祭,B
1634,北関東,茨城,古河市,人文,年中行事（祭り・伝統行事）,古河堤灯竿もみ祭,B
1635,北関東,茨城,日立市,人文,年中行事（祭り・伝統行事）,日立風流物,B
1636,北関東,栃木,日光市,人文,年中行事（祭り・伝統行事）,日光和楽踊,B
1637,北関東,栃木,日光市,人文,年中行事（祭り・伝統行事）,東照宮百物揃（千人行列）,B
1638,北関東,栃木,那須烏山市,人文,年中行事（祭り・伝統行事）,八雲神社天王祭,B
1639,北関東,栃木,鹿沼市,人文,年中行事（祭り・伝統行事）,鹿沼今宮神社祭の屋台行事,B
1640,南関東,埼玉,熊谷市,人文,年中行事（祭り・伝統行事）,うちわまつり,B
1641,南関東,埼玉,秩父市,人文,年中行事（祭り・伝統行事）,秩父夜祭,A
1642,南関東,埼玉,川越市,人文,年中行事（祭り・伝統行事）,川越祭り（川越氷川祭り）,B
1643,南関東,千葉,香取市,人文,年中行事（祭り・伝統行事）,午年神幸祭,B
1644,南関東,千葉,成田市,人文,年中行事（祭り・伝統行事）,成田山車まつり,B
1645,南関東,千葉,香取市,人文,年中行事（祭り・伝統行事）,佐原の大祭,B
1646,東京,東京,江東区,人文,年中行事（祭り・伝統行事）,深川八幡祭,B
1647,東京,東京,台東区,人文,年中行事（祭り・伝統行事）,三社祭,A
1648,東京,東京,台東区,人文,年中行事（祭り・伝統行事）,酉の市（鷲神社）,B
1649,東京,東京,千代田区,人文,年中行事（祭り・伝統行事）,神田祭,B
1650,東京,東京,千代田区,人文,年中行事（祭り・伝統行事）,山王祭,B
1651,南関東,神奈川,平塚市,人文,年中行事（祭り・伝統行事）,湘南ひらつか七夕まつり,B
1652,南関東,神奈川,鎌倉市,人文,年中行事（祭り・伝統行事）,流鏑馬神事（鶴岡八幡宮）,B
1653,北陸,新潟,佐渡市,人文,年中行事（祭り・伝統行事）,佐渡人形芝居,B
1654,北陸,新潟,村上市,人文,年中行事（祭り・伝統行事）,村上大祭,B
1655,北陸,新潟,糸魚川市,人文,年中行事（祭り・伝統行事）,けんか祭,B
1656,北陸,新潟,長岡市,人文,年中行事（祭り・伝統行事）,長岡花火,B
1657,北陸,新潟,十日町市,人文,年中行事（祭り・伝統行事）,十日町雪祭り,B
1658,北陸,新潟,柏崎市,人文,年中行事（祭り・伝統行事）,綾子舞,B
1659,北陸,新潟,小千谷市,人文,年中行事（祭り・伝統行事）,片貝まつり（花火）,B
1660,北陸,新潟,糸魚川市,人文,年中行事（祭り・伝統行事）,青海の竹のからかい,B
1661,北陸,富山,富山市,人文,年中行事（祭り・伝統行事）,八尾の曳山祭,B
1662,北陸,富山,高岡市,人文,年中行事（祭り・伝統行事）,伏木曳山祭,B
1663,北陸,富山,富山市,人文,年中行事（祭り・伝統行事）,おわら風の盆,A
1664,北陸,富山,南砺市,人文,年中行事（祭り・伝統行事）,城端曳山祭（城端神明宮祭の曳山行事）,A
1665,北陸,富山,高岡市,人文,年中行事（祭り・伝統行事）,高岡曳山祭（高岡御車山祭の御車山行事）,B
1666,北陸,富山,魚津市,人文,年中行事（祭り・伝統行事）,たてもん祭り（魚津のタテモン行事）,B
1667,北陸,石川,七尾市,人文,年中行事（祭り・伝統行事）,青柏祭,B
1668,北陸,石川,七尾市,人文,年中行事（祭り・伝統行事）,石崎の奉燈祭,B
1669,北陸,石川,輪島市,人文,年中行事（祭り・伝統行事）,輪島大祭,B
1670,北陸,石川,金沢市,人文,年中行事（祭り・伝統行事）,金沢百万石まつり,B
1671,北陸,石川,能登町,人文,年中行事（祭り・伝統行事）,伴旗まつり,B
1672,北陸,石川,能登町,人文,年中行事（祭り・伝統行事）,あばれ祭,B
1673,北陸,福井,坂井市,人文,年中行事（祭り・伝統行事）,三国祭,B
1674,北陸,福井,敦賀市,人文,年中行事（祭り・伝統行事）,敦賀まつり,B
1675,東海,山梨,甲府市,人文,年中行事（祭り・伝統行事）,信玄公祭り,B
1676,東海,山梨,富士吉田市,人文,年中行事（祭り・伝統行事）,吉田の火祭り,B
1677,東海,長野,大鹿村,人文,年中行事（祭り・伝統行事）,大鹿歌舞伎,B
1678,東海,長野,南木曽町,人文,年中行事（祭り・伝統行事）,田立花馬祭,B
1679,東海,長野,諏訪市/茅野市/下諏訪町,人文,年中行事（祭り・伝統行事）,御柱祭,A
1680,東海,長野,阿南町,人文,年中行事（祭り・伝統行事）,新野の盆踊,B
1681,東海,長野,野沢温泉村,人文,年中行事（祭り・伝統行事）,野沢温泉の道祖神祭り,B
1682,北陸,岐阜,白川村,人文,年中行事（祭り・伝統行事）,どぶろく祭,B
1683,北陸,岐阜,高山市,人文,年中行事（祭り・伝統行事）,高山祭,A
1684,北陸,岐阜,郡上市,人文,年中行事（祭り・伝統行事）,郡上おどり,A
1685,北陸,岐阜,飛騨市,人文,年中行事（祭り・伝統行事）,起太鼓古川祭（古川祭の起こし太鼓・屋台行事）,B
1686,北陸,岐阜,八百津町,人文,年中行事（祭り・伝統行事）,久田見まつり,B
1687,北陸,岐阜,垂井町,人文,年中行事（祭り・伝統行事）,表佐の太鼓踊り,B
1688,東海,静岡,掛川市,人文,年中行事（祭り・伝統行事）,掛川大祭,B
1689,東海,静岡,掛川市,人文,年中行事（祭り・伝統行事）,三熊野神社大祭,B
1690,東海,静岡,焼津市,人文,年中行事（祭り・伝統行事）,藤守の田遊び,B
1691,東海,静岡,浜松市,人文,年中行事（祭り・伝統行事）,浜松凧あげ,B
1692,東海,愛知,半田市,人文,年中行事（祭り・伝統行事）,半田山車祭り,B
1693,東海,愛知,蒲郡市,人文,年中行事（祭り・伝統行事）,三谷祭,B
1694,東海,愛知,津島市/愛西市,人文,年中行事（祭り・伝統行事）,尾張津島天王祭り（津島祭り）,A
1695,東海,愛知,名古屋市,人文,年中行事（祭り・伝統行事）,名古屋祭り,B
1696,東海,愛知,稲沢市,人文,年中行事（祭り・伝統行事）,大国神社の裸まつり（国府宮裸祭り）,B
1697,東海,愛知,西尾市,人文,年中行事（祭り・伝統行事）,大提灯祭り（諏訪神社）,B
1698,東海,愛知,犬山市,人文,年中行事（祭り・伝統行事）,犬山祭,B
1699,東海,愛知,知立市,人文,年中行事（祭り・伝統行事）,知立まつり（知立の山車文楽とからくり）,B
1700,東海,愛知,半田市,人文,年中行事（祭り・伝統行事）,亀崎潮干祭の山車行事,B
1701,東海,愛知,蟹江町,人文,年中行事（祭り・伝統行事）,須成祭の車楽船行事と神葭流し,B
1702,東海,愛知,豊橋市,人文,年中行事（祭り・伝統行事）,豊橋の祇園祭,B
1703,東海,愛知,豊川市,人文,年中行事（祭り・伝統行事）,豊川稲荷秋季大祭,B
1704,南関西,三重,伊勢市,人文,年中行事（祭り・伝統行事）,式年遷宮,S
1705,南関西,三重,桑名市,人文,年中行事（祭り・伝統行事）,伊勢大神楽,B
1706,南関西,三重,伊賀市,人文,年中行事（祭り・伝統行事）,上野天神祭,B
1707,南関西,三重,志摩市,人文,年中行事（祭り・伝統行事）,伊雑宮御田植祭,B
1708,南関西,三重,桑名市,人文,年中行事（祭り・伝統行事）,多度祭,B
1709,南関西,三重,桑名市,人文,年中行事（祭り・伝統行事）,桑名石取祭の祭車行事,B
1710,南関西,三重,四日市市,人文,年中行事（祭り・伝統行事）,鳥出神社の鯨船行事,B
1711,北関西,滋賀,日野町,人文,年中行事（祭り・伝統行事）,日野祭,B
1712,北関西,滋賀,守山市,人文,年中行事（祭り・伝統行事）,守山の火祭,B
1713,北関西,滋賀,大津市,人文,年中行事（祭り・伝統行事）,大津祭,B
1714,北関西,滋賀,大津市,人文,年中行事（祭り・伝統行事）,山王祭（坂本日吉神社）,B
1715,北関西,滋賀,長浜市,人文,年中行事（祭り・伝統行事）,長浜曵山祭,B
1716,北関西,滋賀,近江八幡市,人文,年中行事（祭り・伝統行事）,近江八幡左義長まつり,B
1717,北関西,京都,京都市,人文,年中行事（祭り・伝統行事）,祇園祭,S
1718,北関西,京都,京都市,人文,年中行事（祭り・伝統行事）,葵祭,A
1719,北関西,京都,京都市,人文,年中行事（祭り・伝統行事）,時代祭,A
1720,北関西,京都,京都市,人文,年中行事（祭り・伝統行事）,竹伐り会式（鞍馬寺）,B
1721,北関西,京都,京都市,人文,年中行事（祭り・伝統行事）,鞍馬の火祭,B
1722,北関西,京都,京都市,人文,年中行事（祭り・伝統行事）,花背松上げ,B
1723,北関西,京都,京都市,人文,年中行事（祭り・伝統行事）,牛祭（広隆寺内大酒神社）,B
1724,北関西,京都,宮津市,人文,年中行事（祭り・伝統行事）,宮津燈籠流し花火大会,B
1725,北関西,京都,京都市,人文,年中行事（祭り・伝統行事）,大文字五山送り火,B
1726,北関西,京都,京都市,人文,年中行事（祭り・伝統行事）,三船祭（車折神社）,B
1727,北関西,京都,京都市,人文,年中行事（祭り・伝統行事）,やすらい祭（今宮神社）,B
1728,北関西,京都,京都市,人文,年中行事（祭り・伝統行事）,おけら詣り（八坂神社）,B
1729,北関西,京都,京都市,人文,年中行事（祭り・伝統行事）,久多の花笠踊,B
1730,北関西,京都,京都市,人文,年中行事（祭り・伝統行事）,千本えんま堂狂言,B
1731,北関西,京都,京都市,人文,年中行事（祭り・伝統行事）,嵯峨お松明式,B
1732,北関西,京都,京都市,人文,年中行事（祭り・伝統行事）,吉田神社等の節分行事,B
1733,北関西,京都,京都市,人文,年中行事（祭り・伝統行事）,賀茂競馬,B
1734,北関西,京都,京都市,人文,年中行事（祭り・伝統行事）,藤森駈馬,B
1735,北関西,京都,京都市,人文,年中行事（祭り・伝統行事）,八瀬赦免地踊,B
1736,北関西,京都,京都市,人文,年中行事（祭り・伝統行事）,伏見稲荷大社田植え祭り,B
1737,北関西,京都,八幡市,人文,年中行事（祭り・伝統行事）,石清水祭り,B
1738,北関西,京都,亀岡市,人文,年中行事（祭り・伝統行事）,亀岡祭り,B
1739,北関西,京都,南丹市,人文,年中行事（祭り・伝統行事）,日吉町御田,B
1740,南関西,大阪,大阪市,人文,年中行事（祭り・伝統行事）,天神祭,A
1741,南関西,大阪,岸和田市,人文,年中行事（祭り・伝統行事）,岸和田地車祭,A
1742,南関西,大阪,大阪市,人文,年中行事（祭り・伝統行事）,四天王寺聖霊会,B
1743,南関西,大阪,大阪市,人文,年中行事（祭り・伝統行事）,住吉神社の御田植祭,B
1744,中国,兵庫,姫路市,人文,年中行事（祭り・伝統行事）,三ツ山大祭,B
1745,中国,兵庫,南あわじ市,人文,年中行事（祭り・伝統行事）,淡路人形浄瑠璃,B
1746,中国,兵庫,姫路市,人文,年中行事（祭り・伝統行事）,妻鹿けんか祭り,B
1747,南関西,奈良,奈良市,人文,年中行事（祭り・伝統行事）,百合祭,B
1748,南関西,奈良,奈良市,人文,年中行事（祭り・伝統行事）,東大寺二月堂修二会（お水取り）,A
1749,南関西,奈良,奈良市,人文,年中行事（祭り・伝統行事）,春日若宮おん祭り,B
1750,南関西,奈良,奈良市,人文,年中行事（祭り・伝統行事）,若草山焼き,B
1751,南関西,和歌山,新宮市,人文,年中行事（祭り・伝統行事）,お燈まつり,B
1752,南関西,和歌山,那智勝浦町,人文,年中行事（祭り・伝統行事）,那智火祭,B
1753,南関西,和歌山,高野町,人文,年中行事（祭り・伝統行事）,青葉祭,B
1754,南関西,和歌山,串本町,人文,年中行事（祭り・伝統行事）,河内祭,B
1755,中国,鳥取,鳥取市,人文,年中行事（祭り・伝統行事）,しゃんしゃん祭り,B
1756,中国,島根,津和野町,人文,年中行事（祭り・伝統行事）,津和野弥栄神社の鷺舞,B
1757,中国,島根,松江市,人文,年中行事（祭り・伝統行事）,ホ―ランエンヤ,B
1758,中国,島根,出雲市,人文,年中行事（祭り・伝統行事）,出雲大社大祭礼,B
1759,中国,岡山,岡山市,人文,年中行事（祭り・伝統行事）,会陽（裸祭り）,A
1760,中国,岡山,高梁市,人文,年中行事（祭り・伝統行事）,備中神楽,B
1761,中国,岡山,吉備中央町,人文,年中行事（祭り・伝統行事）,加茂の大祭,B
1762,中国,岡山,笠岡市,人文,年中行事（祭り・伝統行事）,島の盆・白石踊,B
1763,中国,広島,北広島町,人文,年中行事（祭り・伝統行事）,壬生の花田植,A
1764,中国,広島,廿日市市,人文,年中行事（祭り・伝統行事）,宮島の管絃祭,B
1765,中国,山口,防府市,人文,年中行事（祭り・伝統行事）,御神幸祭裸坊祭（防府天満宮）,B
1766,中国,山口,下関市,人文,年中行事（祭り・伝統行事）,先帝祭（赤間神宮）,B
1767,四国,徳島,徳島市,人文,年中行事（祭り・伝統行事）,阿波踊,S
1768,四国,香川,琴平町,人文,年中行事（祭り・伝統行事）,金刀比羅宮大祭,B
1769,四国,愛媛,宇和島市,人文,年中行事（祭り・伝統行事）,宇和津彦神社秋祭,B
1770,四国,愛媛,宇和島市,人文,年中行事（祭り・伝統行事）,和霊神社の夏祭,B
1771,四国,愛媛,新居浜市,人文,年中行事（祭り・伝統行事）,新居浜太鼓まつり,B
1772,四国,愛媛,西条市,人文,年中行事（祭り・伝統行事）,西条まつり,B
1773,四国,高知,高知市,人文,年中行事（祭り・伝統行事）,よさこい祭り,B
1774,九州,福岡,福岡市,人文,年中行事（祭り・伝統行事）,博多祇園山笠,S
1775,九州,福岡,福岡市,人文,年中行事（祭り・伝統行事）,博多どんたく,B
1776,九州,福岡,北九州市,人文,年中行事（祭り・伝統行事）,戸畑祇園大山笠,B
1777,九州,福岡,北九州市,人文,年中行事（祭り・伝統行事）,小倉祇園太鼓,B
1778,九州,佐賀,有田町,人文,芸能・興行・イベント,有田陶器市,B
1779,九州,佐賀,唐津市,人文,年中行事（祭り・伝統行事）,唐津おくんち,B
1780,九州,佐賀,伊万里市,人文,年中行事（祭り・伝統行事）,伊万里のトンテントン,B
1781,九州,長崎,長崎市,人文,年中行事（祭り・伝統行事）,長崎くんち,A
1782,九州,長崎,長崎市,人文,年中行事（祭り・伝統行事）,ペ―ロン,B
1783,九州,長崎,長崎市,人文,年中行事（祭り・伝統行事）,精霊流し,B
1784,九州,熊本,八代市,人文,年中行事（祭り・伝統行事）,妙見宮大祭（八代妙見祭の神幸行事）,B
1785,九州,熊本,山鹿市,人文,年中行事（祭り・伝統行事）,山鹿灯篭祭り,B
1786,九州,熊本,熊本市,人文,年中行事（祭り・伝統行事）,藤崎宮大祭,B
1787,九州,大分,由布市,人文,芸能・興行・イベント,湯布院映画祭,B
1788,九州,大分,大分市,人文,年中行事（祭り・伝統行事）,鶴崎踊り,B
1789,九州,大分,姫島村,人文,年中行事（祭り・伝統行事）,キツネ踊り,B
1790,九州,大分,日田市,人文,年中行事（祭り・伝統行事）,日田祗園,B
1791,九州,宮崎,高千穂町,人文,年中行事（祭り・伝統行事）,高千穂夜神楽,A
1792,九州,宮崎,美郷町,人文,年中行事（祭り・伝統行事）,師走祭り,B
1793,九州,鹿児島,鹿児島市,人文,年中行事（祭り・伝統行事）,おはら祭り,B
1794,九州,鹿児島,曽於市,人文,年中行事（祭り・伝統行事）,弥五郎どん,B
1795,九州,沖縄,那覇市,人文,年中行事（祭り・伝統行事）,那覇大綱挽まつり,A
1796,九州,沖縄,石垣市,人文,年中行事（祭り・伝統行事）,八重山の豊年祭,A
1797,九州,沖縄,那覇市/沖縄市/浦添市/北谷町/宜野湾市/宜野座村/名護市/久米島町/石垣市,人文,芸能・興行・イベント,沖縄のプロ野球キャンプ地,B
1798,九州,沖縄,（全県）,人文,年中行事（祭り・伝統行事）,沖縄のエイサー,A
1799,九州,沖縄,糸満市,人文,年中行事（祭り・伝統行事）,糸満ハ―リ―,B
1800,九州,沖縄,与那原町,人文,年中行事（祭り・伝統行事）,与那原大綱引,B
1801,九州,沖縄,宮古島市,人文,年中行事（祭り・伝統行事）,宮古島のパーントゥ,B
1802,九州,沖縄,那覇市,人文,年中行事（祭り・伝統行事）,那覇のハーリー,B
1803,北海道,北海道,旭川市,人文,動植物園・水族館,旭川市旭山動物園,A
1804,北海道,北海道,札幌市,人文,動植物園・水族館,札幌市円山動物園,B
1805,北海道,北海道,小樽市,人文,動植物園・水族館,おたる水族館,B
1806,北海道,北海道,釧路市,人文,動植物園・水族館,釧路市丹頂鶴自然公園,B
1807,東北,宮城,仙台市,人文,動植物園・水族館,仙台うみの杜水族館,B
1808,東北,山形,鶴岡市,人文,動植物園・水族館,鶴岡市立加茂水族館,B
1809,東北,山形,村山市,人文,動植物園・水族館,東沢バラ公園,B
1810,東北,福島,いわき市,人文,動植物園・水族館,ふくしま海洋科学館（環境水族館アクアマリンふくしま）,B
1811,北関東,茨城,大洗町,人文,動植物園・水族館,アクアワールド茨城県大洗水族館,B
1812,北関東,茨城,石岡市,人文,動植物園・水族館,茨城県フラワーパーク,B
1813,北関東,栃木,足利市,人文,動植物園・水族館,あしかがフラワーパーク,B
1814,北関東,群馬,前橋市,人文,動植物園・水族館,ぐんまフラワーパーク,B
1815,北関東,群馬,富岡市,人文,動植物園・水族館,群馬サファリパーク,B
1816,南関東,埼玉,白岡市/宮代町,人文,動植物園・水族館,東武動物公園,B
1817,南関東,埼玉,川口市,人文,動植物園・水族館,川口市立グリーンセンター,B
1818,南関東,埼玉,秩父市,人文,テーマ公園・テーマ施設,秩父ミューズパーク,B
1819,南関東,千葉,鴨川市,人文,動植物園・水族館,鴨川シーワールド,B
1820,南関東,千葉,市原市,人文,動植物園・水族館,市原ぞうの国,B
1821,東京,東京,台東区,人文,動植物園・水族館,上野動物園,A
1822,東京,東京,文京区,人文,動植物園・水族館,小石川植物園,B
1823,東京,東京,日野市,人文,動植物園・水族館,多摩動物公園,B
1824,東京,東京,豊島区,人文,動植物園・水族館,サンシャイン水族館,B
1825,東京,東京,品川区,人文,動植物園・水族館,しながわ水族館,B
1826,東京,東京,江戸川区,人文,動植物園・水族館,東京都葛西臨海水族園,B
1827,東京,東京,調布市,人文,動植物園・水族館,東京都神代植物公園,B
1828,南関東,神奈川,横浜市,人文,動植物園・水族館,ズーラシア,B
1829,南関東,神奈川,横浜市,人文,動植物園・水族館,横浜・八景島シーパラダイス,B
1830,南関東,神奈川,三浦市,人文,動植物園・水族館,京急油壺マリンパーク,B
1831,南関東,神奈川,藤沢市,人文,動植物園・水族館,新江ノ島水族館,B
1832,南関東,神奈川,横浜市,人文,動植物園・水族館,横浜市立野毛山動物園,B
1833,北陸,石川,七尾市,人文,動植物園・水族館,のとじま臨海公園水族館,B
1834,東海,静岡,浜松市,人文,動植物園・水族館,はままつフラワーパーク,B
1835,東海,静岡,裾野市,人文,動植物園・水族館,富士サファリパーク,B
1836,東海,愛知,名古屋市,人文,動植物園・水族館,名古屋港水族館,B
1837,東海,愛知,犬山市,人文,動植物園・水族館,日本モンキーパーク,B
1838,東海,愛知,名古屋市,人文,動植物園・水族館,名古屋市東山動植物園,B
1839,南関西,三重,鳥羽市,人文,動植物園・水族館,鳥羽水族館,B
1840,北関西,京都,京都市,人文,動植物園・水族館,京都市動物園,B
1841,北関西,京都,京都市,人文,動植物園・水族館,京都府立植物園,B
1842,南関西,大阪,大阪市,人文,動植物園・水族館,海遊館,B
1843,南関西,大阪,大阪市,人文,動植物園・水族館,咲くやこの花館,B
1844,南関西,大阪,大阪市,人文,動植物園・水族館,大阪市立長居植物園,B
1845,南関西,大阪,大阪市,人文,動植物園・水族館,天王寺動物園,B
1846,中国,兵庫,淡路市,人文,動植物園・水族館,奇跡の星の植物館,B
1847,中国,兵庫,加西市,人文,動植物園・水族館,兵庫県立フラワーセンター,B
1848,中国,兵庫,神戸市,人文,動植物園・水族館,神戸市立フルーツ・フラワーパーク,B
1849,中国,兵庫,神戸市,人文,動植物園・水族館,神戸市立王子動物園,B
1850,中国,兵庫,神戸市,人文,動植物園・水族館,神戸市立須磨海浜水族園,B
1851,南関西,和歌山,白浜町,人文,動植物園・水族館,アドベンチャーワールド,B
1852,中国,鳥取,南部町,人文,動植物園・水族館,鳥取県立とっとり花回廊,B
1853,中国,広島,広島市,人文,動植物園・水族館,広島市安佐動物公園,B
1854,中国,山口,下関市,人文,動植物園・水族館,下関市立しものせき水族館「海響館」,B
1855,四国,愛媛,砥部町,人文,動植物園・水族館,愛媛県立とべ動物園,B
1856,四国,高知,高知市,人文,動植物園・水族館,牧野植物園,B
1857,九州,福岡,福岡市,人文,動植物園・水族館,マリンワールド海の中道,B
1858,九州,福岡,福岡市,人文,動植物園・水族館,福岡市動物園,B
1859,九州,長崎,長崎市,人文,動植物園・水族館,長崎ペンギン水族館,B
1860,九州,大分,大分市,人文,動植物園・水族館,大分マリーンパレス水族館「うみたまご」,B
1861,九州,大分,宇佐市,人文,動植物園・水族館,九州自然動物公園アフリカンサファリ,B
1862,九州,鹿児島,鹿児島市,人文,動植物園・水族館,いおワールドかごしま水族館,B
1863,九州,沖縄,本部町,人文,動植物園・水族館,沖縄美ら海水族館,A
1864,九州,沖縄,本部町,人文,動植物園・水族館,熱帯ドリ―ムセンタ―,B
1865,九州,沖縄,沖縄市,人文,動植物園・水族館,東南植物楽園,B
1866,九州,沖縄,うるま市,人文,動植物園・水族館,ビオスの丘,B
1867,中国,島根,安来市,人文,博物館・美術館,足立美術館,A
1868,北海道,北海道,網走市,人文,建造物,博物館網走監獄,B
1869,北海道,北海道,札幌市,人文,博物館・美術館,北海道立総合博物館,B
1870,北海道,北海道,旭川市,人文,博物館・美術館,三浦綾子記念文学館,B
1871,北海道,北海道,美唄市,人文,庭園・公園,アルテピアッツァ美唄,B
1872,東北,青森,十和田市,人文,博物館・美術館,十和田市現代美術館,B
1873,東北,青森,青森市,人文,博物館・美術館,棟方志功記念館,B
1874,東北,青森,青森市,人文,博物館・美術館,青森県立美術館,B
1875,東北,宮城,仙台市,人文,博物館・美術館,仙台市博物館,B
1876,東北,山形,酒田市,人文,博物館・美術館,本間美術館,B
1877,東北,山形,酒田市,人文,博物館・美術館,土門拳記念館,B
1878,北関東,茨城,つくば市,人文,博物館・美術館,筑波宇宙センター展示館,B
1879,北関東,茨城,坂東市,人文,博物館・美術館,ミュージアムパーク茨城県自然博物館,B
1880,北関東,茨城,笠間市,人文,博物館・美術館,笠間日動美術館,B
1881,北関東,茨城,水戸市,人文,博物館・美術館,水戸芸術館現代美術ギャラリー,B
1882,北関東,栃木,那珂川町,人文,博物館・美術館,那珂川町馬頭広重美術館,B
1883,北関東,栃木,宇都宮市,人文,博物館・美術館,宇都宮美術館,B
1884,南関東,埼玉,さいたま市,人文,博物館・美術館,鉄道博物館,A
1885,南関東,埼玉,東松山市,人文,博物館・美術館,原爆の図丸木美術館,B
1886,南関東,千葉,佐倉市,人文,博物館・美術館,国立歴史民俗博物館,A
1887,南関東,千葉,佐倉市,人文,博物館・美術館,DIC川村記念美術館,B
1888,東京,東京,台東区,人文,博物館・美術館,東京国立博物館,S
1889,東京,東京,台東区,人文,博物館・美術館,国立西洋美術館,A
1890,東京,東京,台東区,人文,博物館・美術館,国立科学博物館,A
1891,東京,東京,千代田区,人文,博物館・美術館,東京国立近代美術館,A
1892,東京,東京,港区,人文,博物館・美術館,根津美術館,A
1893,東京,東京,台東区,人文,博物館・美術館,上野の森美術館,B
1894,東京,東京,台東区,人文,博物館・美術館,東京芸術大学大学美術館,B
1895,東京,東京,台東区,人文,博物館・美術館,東京都美術館,B
1896,東京,東京,港区,人文,博物館・美術館,松岡美術館,B
1897,東京,東京,千代田区,人文,博物館・美術館,出光美術館,B
1898,東京,東京,文京区,人文,博物館・美術館,永青文庫,B
1899,東京,東京,江東区,人文,博物館・美術館,東京都現代美術館,B
1900,東京,東京,墨田区,人文,博物館・美術館,東京都江戸東京博物館,B
1901,東京,東京,中央区,人文,博物館・美術館,ブリジストン美術館,B
1902,東京,東京,目黒区,人文,博物館・美術館,日本民藝館,B
1903,東京,東京,渋谷区,人文,博物館・美術館,太田記念美術館,B
1904,東京,東京,千代田区,人文,博物館・美術館,宮内庁三の丸尚蔵館,B
1905,東京,東京,世田谷区,人文,博物館・美術館,五島美術館,B
1906,東京,東京,港区,人文,博物館・美術館,サントリー美術館,B
1907,東京,東京,新宿区,人文,博物館・美術館,損保ジャパン東郷青児美術館,B
1908,東京,東京,千代田区,人文,博物館・美術館,三菱一号館美術館,B
1909,東京,東京,渋谷区,人文,博物館・美術館,山種美術館,B
1910,東京,東京,江東区,人文,博物館・美術館,日本科学未来館,B
1911,東京,東京,小金井市,人文,博物館・美術館,東京都江戸東京博物館分館江戸東京たてもの園,B
1912,東京,東京,港区,人文,博物館・美術館,東京都庭園美術館,B
1913,南関東,神奈川,鎌倉市,人文,博物館・美術館,鎌倉国宝館,B
1914,南関東,神奈川,箱根町,人文,博物館・美術館,彫刻の森美術館,B
1915,南関東,神奈川,横浜市,人文,博物館・美術館,神奈川近代文学館,B
1916,南関東,神奈川,鎌倉市,人文,建造物,鎌倉文学館,B
1917,南関東,神奈川,箱根町,人文,博物館・美術館,ポーラ美術館,B
1918,南関東,神奈川,川崎市,人文,博物館・美術館,川崎市岡本太郎美術館,B
1919,北陸,石川,金沢市,人文,博物館・美術館,金沢21世紀美術館,A
1920,北陸,石川,金沢市,人文,博物館・美術館,石川県立歴史博物館,B
1921,北陸,福井,勝山市,人文,博物館・美術館,福井県立恐竜博物館,B
1922,東海,山梨,甲府市,人文,博物館・美術館,山梨県立美術館,B
1923,東海,長野,安曇野市,人文,博物館・美術館,碌山美術館,B
1924,東海,長野,松川村,人文,博物館・美術館,安曇野ちひろ美術館,B
1925,東海,長野,上田市,人文,博物館・美術館,無言館・信濃デッサン館,B
1926,東海,長野,長野市,人文,博物館・美術館,長野県信濃美術館東山魁夷館,B
1927,東海,長野,軽井沢町,人文,博物館・美術館,セゾン現代美術館,B
1928,東海,長野,大町市,人文,博物館・美術館,大町山岳博物館,B
1929,北陸,岐阜,高山市,人文,テーマ公園・テーマ施設,飛騨の里,B
1930,北陸,岐阜,高山市,人文,史跡,高山陣屋,B
1931,東海,静岡,熱海市,人文,博物館・美術館,ＭＯＡ美術館,B
1932,東海,静岡,静岡市,人文,博物館・美術館,静岡市立芹沢銈介美術館,B
1933,東海,愛知,名古屋市,人文,博物館・美術館,徳川美術館,B
1934,南関西,三重,伊賀市,人文,博物館・美術館,伊賀流忍者博物館,B
1935,北関西,京都,京都市,人文,博物館・美術館,京都国立博物館,S
1936,北関西,京都,京都市,人文,博物館・美術館,京都国立近代美術館,B
1937,北関西,京都,大山崎町,人文,博物館・美術館,アサヒビール大山崎山荘美術館,B
1938,北関西,京都,京都市,人文,博物館・美術館,泉屋博古館,B
1939,南関西,大阪,吹田市,人文,博物館・美術館,国立民族学博物館,A
1940,南関西,大阪,大阪市,人文,博物館・美術館,国立国際美術館,B
1941,南関西,大阪,池田市,人文,博物館・美術館,逸翁美術館,B
1942,南関西,大阪,大阪市,人文,博物館・美術館,大阪市立東洋陶磁美術館,B
1943,南関西,奈良,奈良市,人文,博物館・美術館,奈良国立博物館,A
1944,南関西,奈良,奈良市,人文,博物館・美術館,入江泰吉記念奈良市写真美術館,B
1945,南関西,奈良,奈良市,人文,博物館・美術館,大和文華館,B
1946,中国,岡山,倉敷市,人文,博物館・美術館,大原美術館,A
1947,中国,広島,広島市,人文,博物館・美術館,広島平和記念公園,S
1948,中国,広島,尾道市,人文,博物館・美術館,平山郁夫美術館,B
1949,四国,徳島,鳴門市,人文,博物館・美術館,大塚国際美術館,A
1950,四国,香川,直島町,人文,博物館・美術館,ベネッセアートサイト,A
1951,四国,高知,黒潮町,人文,年中行事（祭り・伝統行事）,砂浜美術館,B
1952,九州,福岡,太宰府市,人文,博物館・美術館,九州国立博物館,A
1953,九州,福岡,福岡市,人文,博物館・美術館,福岡市美術館,B
1954,九州,福岡,久留米市,人文,博物館・美術館,久留米市美術館,B
1955,九州,福岡,北九州市,人文,博物館・美術館,北九州市立いのちのたび博物館（自然史・歴史博物館）,B
1956,九州,長崎,長崎市,人文,博物館・美術館,平和公園,A
1957,九州,鹿児島,南九州市,人文,博物館・美術館,知覧特攻平和会館,B
1958,九州,鹿児島,奄美市,人文,博物館・美術館,田中一村記念美術館,B
1959,九州,沖縄,糸満市,人文,博物館・美術館,沖縄平和祈念公園,S
1960,東北,岩手,遠野市,人文,テーマ公園・テーマ施設,遠野ふるさと村,B
1961,東北,福島,いわき市,人文,テーマ公園・テーマ施設,スパリゾートハワイアンズ,B
1962,北関東,茨城,つくばみらい市,人文,テーマ公園・テーマ施設,ワープステーション江戸,B
1963,北関東,栃木,茂木町,人文,テーマ公園・テーマ施設,ツインリンクもてぎ,B
1964,北関東,栃木,日光市,人文,テーマ公園・テーマ施設,東武ワールドスクウェア,B
1965,北関東,栃木,日光市,人文,テーマ公園・テーマ施設,日光江戸村,B
1966,北関東,群馬,安中市,人文,テーマ公園・テーマ施設,碓氷峠鉄道文化むら,B
1967,南関東,千葉,浦安市,人文,テーマ公園・テーマ施設,東京ディズニーリゾート,S
1968,南関東,千葉,富津市,人文,テーマ公園・テーマ施設,マザー牧場,B
1969,南関東,千葉,船橋市,人文,テーマ公園・テーマ施設,ふなばしアンデルセン公園,B
1970,東京,東京,三鷹市,人文,テーマ公園・テーマ施設,三鷹の森ジブリ美術館,A
1971,東京,東京,文京区,人文,テーマ公園・テーマ施設,東京ドームシティアトラクションズ,B
1972,東京,東京,練馬区,人文,テーマ公園・テーマ施設,としまえん,B
1973,東京,東京,稲城市,人文,テーマ公園・テーマ施設,よみうりランド,B
1974,東京,東京,あきる野市,人文,テーマ公園・テーマ施設,東京サマーランド,B
1975,東京,東京,江東区,人文,テーマ公園・テーマ施設,キッザニア東京,B
1976,東京,東京,豊島区,人文,テーマ公園・テーマ施設,ナムコ・ナンジャタウン,B
1977,東京,東京,多摩市,人文,テーマ公園・テーマ施設,サンリオピューロランド,B
1978,東京,東京,台東区,人文,テーマ公園・テーマ施設,浅草花やしき,B
1979,南関東,神奈川,川崎市,人文,博物館・美術館,川崎市藤子・F・不二雄ミュージアム,B
1980,南関東,神奈川,横浜市,人文,テーマ公園・テーマ施設,新横浜ラーメン博物館,B
1981,東海,山梨,富士吉田市,人文,テーマ公園・テーマ施設,富士急ハイランド,B
1982,東海,愛知,犬山市,人文,テーマ公園・テーマ施設,博物館明治村,A
1983,東海,愛知,長久手市,人文,テーマ公園・テーマ施設,愛・地球博記念公園モリコロパーク,B
1984,南関西,三重,桑名市,人文,テーマ公園・テーマ施設,ナガシマリゾート（ナガシマスパーランド）,B
1985,南関西,三重,鈴鹿市,人文,テーマ公園・テーマ施設,鈴鹿サーキット,B
1986,北関西,滋賀,長浜市,人文,集落・街,黒壁スクエア,B
1987,北関西,京都,京都市,人文,テーマ公園・テーマ施設,東映太秦映画村,A
1988,南関西,大阪,大阪市,人文,テーマ公園・テーマ施設,ユニバーサル・スタジオ・ジャパン,A
1989,中国,兵庫,西宮市,人文,テーマ公園・テーマ施設,キッザニア甲子園,B
1990,中国,山口,宇部市,人文,テーマ公園・テーマ施設,ときわ公園,B
1991,九州,長崎,佐世保市,人文,テーマ公園・テーマ施設,ハウステンボス,B
1992,九州,沖縄,恩納村,人文,テーマ公園・テーマ施設,琉球村,B
1993,北海道,北海道,登別市,人文,温泉,登別温泉の地獄谷と多様な泉質の自然湧出源泉、浴場群,A
1994,北海道,北海道,長万部町,人文,温泉,二股ラジウム温泉,B
1995,北海道,北海道,弟子屈町,人文,温泉,川湯温泉,B
1996,北海道,北海道,音更町,人文,温泉,十勝川温泉,B
1997,北海道,北海道,八雲町,人文,温泉,上ノ湯温泉,B
1998,北海道,北海道,蘭越町,人文,温泉,ニセコ湯本温泉,B
1999,北海道,北海道,上川町,人文,温泉,層雲峡温泉,B
2000,東北,青森,青森市,人文,温泉,酸ケ湯温泉のヒバ造り千人風呂,A
2001,東北,青森,十和田市,人文,温泉,蔦温泉の泉源浴舎,A
2002,東北,青森,黒石市,人文,温泉,青荷温泉,B
2003,東北,青森,黒石市,人文,温泉,温湯（ぬるゆ）温泉の湯治,B
2004,東北,岩手,北上市,人文,温泉,夏油温泉,B
2005,東北,岩手,花巻市,人文,温泉,鉛温泉の温浴場群・立ち湯,B
2006,東北,岩手,雫石町,人文,温泉,国見温泉,B
2007,東北,宮城,大崎市,人文,温泉,鳴子温泉の潟沼、温泉神社、滝の湯,A
2008,東北,宮城,川崎町,人文,温泉,青根温泉,B
2009,東北,宮城,川崎町,人文,温泉,峩々温泉,B
2010,東北,秋田,仙北市,人文,温泉,玉川温泉の「大噴」泉源と岩盤浴、強酸性泉湯治法,A
2011,東北,秋田,仙北市,人文,温泉,乳頭温泉郷の源泉浴場群,A
2012,東北,秋田,鹿角市,人文,温泉,後生掛温泉の泥火山、箱蒸し、泥湯、オンドル湯治,A
2013,東北,秋田,湯沢市,人文,温泉,泥湯温泉,B
2014,東北,秋田,鹿角市,人文,温泉,蒸ノ湯温泉（ふけのゆ）の地熱浴,B
2015,東北,山形,尾花沢市,人文,温泉,銀山温泉の旅館街と共同浴場群,A
2016,東北,山形,山形市,人文,温泉,蔵王温泉の酸性泉と源泉浴場群,A
2017,東北,山形,大蔵村,人文,温泉,肘折温泉,B
2018,東北,山形,米沢市,人文,温泉,滑川温泉,B
2019,東北,山形,米沢市,人文,温泉,姥湯温泉,B
2020,東北,福島,福島市,人文,温泉,高湯温泉,B
2021,東北,福島,西郷村,人文,温泉,甲子温泉,B
2022,北関東,栃木,那須町,人文,温泉,那須湯本温泉の「鹿の湯」と高温源泉浴,A
2023,北関東,栃木,那須塩原市,人文,温泉,三斗小屋温泉,B
2024,北関東,栃木,日光市,人文,温泉,日光湯元温泉の温泉寺と境内泉源　温浴場群,B
2025,北関東,栃木,那須町,人文,温泉,那須岳温泉群（大丸温泉、弁天温泉、北温泉）,B
2026,北関東,栃木,日光市,人文,温泉,奥鬼怒温泉（加仁湯、八丁の湯、手白沢、川俣）,B
2027,北関東,群馬,中之条町,人文,温泉,尻焼温泉の天然「川湯」,A
2028,北関東,群馬,草津町,人文,温泉,草津温泉の湯畑自然湧出泉源広場と温泉街、共同湯と時間湯,S
2029,北関東,群馬,渋川市,人文,温泉,伊香保温泉の石段街と小間口で引湯された浴場群,A
2030,北関東,群馬,嬬恋村,人文,温泉,万座温泉の湯畑と源泉浴場群,A
2031,北関東,群馬,中之条町,人文,温泉,四万温泉の日向見薬師堂、伝統的旅館建築と元禄の湯,A
2032,北関東,群馬,みなかみ町,人文,温泉,宝川温泉の露天風呂,B
2033,北関東,群馬,中之条町,人文,温泉,尻焼温泉の露天風呂,B
2034,北関東,群馬,みなかみ町,人文,温泉,法師温泉の法師乃湯,B
2035,東京,東京,新島村,人文,温泉,地鉈温泉（式根島）,B
2036,東京,東京,神津島村,人文,温泉,神津島温泉（神津島）,B
2037,東京,東京,新島村,人文,温泉,足付温泉（式根島）,B
2038,南関東,神奈川,箱根町,人文,温泉,箱根大涌谷の噴気泉源地帯と天然岩盤湯壺「姥子の湯」,A
2039,南関東,神奈川,箱根町,人文,温泉,箱根七湯,B
2040,南関東,神奈川,湯河原町,人文,温泉,湯河原温泉の温泉場(地区)旅館街,B
2041,北陸,新潟,新発田市,人文,温泉,月岡温泉の芸妓文化,B
2042,北陸,富山,南砺市,人文,温泉,大牧温泉,B
2043,北陸,石川,加賀市,人文,温泉,山中温泉の総湯広場と温泉街,A
2044,北陸,石川,加賀市,人文,温泉,山代温泉の「湯の曲輪(がわ)」・総湯広場,A
2045,北陸,石川,七尾市,人文,温泉,和倉温泉,B
2046,東海,山梨,身延町,人文,温泉,下部温泉,B
2047,東海,山梨,富士川町,人文,温泉,赤石温泉,B
2048,東海,長野,野沢温泉村,人文,温泉,野沢温泉の麻釜と大湯などの外湯群,A
2049,東海,長野,山ノ内町,人文,温泉,渋温泉の石畳温泉街と外湯巡り,A
2050,東海,長野,小諸市,人文,温泉,高峰温泉,B
2051,東海,長野,松本市,人文,温泉,白骨温泉,B
2052,東海,長野,須坂市,人文,温泉,仙仁温泉（せに）の岩の湯,B
2053,東海,長野,上田市,人文,温泉,別所温泉,B
2054,東海,長野,安曇野市,人文,温泉,中房温泉,B
2055,北陸,岐阜,高山市,人文,温泉,奥飛騨温泉郷の大露天風呂群,A
2056,北陸,岐阜,下呂市,人文,温泉,濁河温泉（にごりご）,B
2057,東海,静岡,伊豆市,人文,温泉,修善寺温泉の川畔旅館街と「独鈷の湯」、修禅寺,A
2058,東海,静岡,熱海市,人文,温泉,熱海温泉,B
2059,東海,静岡,西伊豆町,人文,温泉,堂ヶ島温泉,B
2060,東海,静岡,東伊豆町,人文,温泉,稲取温泉,B
2061,中国,兵庫,豊岡市,人文,温泉,城崎温泉の街並みと外湯巡り,A
2062,中国,兵庫,神戸市,人文,温泉,有馬温泉の歴史的泉源群と温泉街(温泉寺、湯泉神社)、入初式,A
2063,中国,兵庫,新温泉町,人文,温泉,湯村温泉の荒湯,A
2064,南関西,和歌山,田辺市,人文,温泉,湯の峰温泉のつぼ湯と湯筒,A
2065,南関西,和歌山,白浜町,人文,温泉,南紀白浜温泉の「崎の湯」と海沿いの外湯巡り,A
2066,南関西,和歌山,田辺市,人文,温泉,川湯温泉,B
2067,南関西,和歌山,那智勝浦町,人文,温泉,南紀勝浦温泉の忘帰洞・玄武洞・紀州潮聞之湯,B
2068,中国,鳥取,三朝町,人文,温泉,三朝温泉,B
2069,中国,鳥取,岩美町,人文,温泉,岩井温泉の温浴場・湯かむり,B
2070,中国,鳥取,湯梨浜町,人文,温泉,羽合温泉,B
2071,中国,島根,松江市,人文,温泉,玉造温泉,B
2072,四国,愛媛,松山市,人文,温泉,道後温泉の道後温泉本館,A
2073,九州,佐賀,武雄市,人文,温泉,武雄温泉の共同浴場,B
2074,九州,長崎,雲仙市,人文,温泉,雲仙温泉の雲仙地獄と源泉浴場群,A
2075,九州,熊本,南阿蘇村,人文,温泉,地獄温泉,B
2076,九州,熊本,八代市,人文,温泉,日奈久温泉（ひなぐ）,B
2077,九州,熊本,南小国町,人文,温泉,黒川温泉の旅館街と露天風呂群,B
2078,九州,大分,別府市,人文,温泉,別府温泉郷(八湯)の湯けむり景観と鉄輪地獄、伝統的共同浴場群と入浴法(泥湯、砂湯),S
2079,九州,大分,由布市,人文,温泉,由布院温泉の金鱗湖と下ん湯,A
2080,九州,大分,九重町,人文,温泉,寒の地獄温泉の冷泉,B
2081,九州,大分,竹田市,人文,温泉,長湯温泉,B
2082,九州,鹿児島,指宿市,人文,温泉,指宿温泉郷(指宿、山川伏目海岸)の砂蒸し風呂群,A
2083,九州,鹿児島,霧島市,人文,温泉,霧島温泉郷の噴煙地帯と温浴場群,A
2084,北海道,北海道,札幌市/他,人文,食,ビール園のビールとジンギスカン,A
2085,北海道,北海道,札幌市/他,人文,食,札幌ラーメン,A
2086,北海道,北海道,石狩市/他,人文,食,石狩鍋,B
2087,北海道,北海道,森町,人文,食,森町のいかめし,B
2088,東北,青森,東北町,人文,食,小川原湖のシジミ料理,B
2089,東北,青森,（八戸市/三陸沿岸/他）,人文,食,いちご煮,B
2090,東北,青森,五所川原市,人文,食,十三湖のシジミ料理,B
2091,東北,岩手,盛岡市,人文,食,盛岡市のわんこそば,A
2092,東北,宮城,松島町,人文,食,松島湾の牡蠣料理,B
2093,東北,宮城,仙台市,人文,食,仙台市の牛タン焼,B
2094,東北,秋田,（秋田県北/他）,人文,食,秋田県北部地方のきりたんぽ鍋,A
2095,東北,秋田,湯沢市,人文,食,稲庭うどん,B
2096,東北,秋田,（秋田県沿岸部/他）,人文,食,しょっつる鍋（ハタハタ鍋）,B
2097,東北,山形,（山形県内陸部/他）,人文,食,山形板そば,B
2098,東北,山形,（全県）,人文,食,いも煮鍋,B
2099,東北,福島,喜多方市,人文,食,山都そば,B
2100,東北,福島,喜多方市,人文,食,喜多方ラーメン,B
2101,北関東,茨城,北茨城市/日立市/ひたちなか市/大洗町/水戸市/他,人文,食,あんこう鍋,B
2102,北関東,栃木,宇都宮市,人文,食,宇都宮餃子,B
2103,北関東,群馬,安中市,人文,食,峠の釜飯,B
2104,北関東,群馬,下仁田町,人文,食,下仁田のこんにゃく料理,B
2105,南関東,埼玉,東松山市,人文,食,東松山のやきとり,B
2106,南関東,千葉,（九十九里沿岸/他）,人文,食,なめろう,B
2107,東京,東京,（都内）,人文,食,江戸前の寿司,S
2108,東京,東京,中央区,人文,食,築地市場の海鮮料理,A
2109,東京,東京,中央区,人文,食,月島のもんじゃ焼き,B
2110,東京,東京,墨田区,人文,食,両国のちゃんこ鍋,B
2111,南関東,神奈川,横浜市,人文,食,横浜中華街の中華料理,A
2112,南関東,神奈川,三浦市,人文,食,三浦のマグロ料理,B
2113,南関東,神奈川,藤沢市,人文,食,相模湾のシラス丼,B
2114,北陸,新潟,村上市,人文,食,村上の鮭料理,B
2115,北陸,新潟,十日町市/小千谷市,人文,食,へぎそば,B
2116,北陸,富山,富山市/他,人文,食,鱒寿司,B
2117,北陸,富山,魚津市,人文,食,富山湾のほたるいか料理,B
2118,北陸,富山,氷見市,人文,食,氷見の寒ブリ料理,B
2119,北陸,石川,金沢市,人文,食,加賀料理（治部煮）,B
2120,北陸,福井,（福井県嶺北地方/他）,人文,食,越前おろしそば,B
2121,東海,山梨,（全県）,人文,食,ほうとう,B
2122,東海,長野,（全県）,人文,食,戸隠そば（信州そば）,A
2123,北陸,岐阜,高山市,人文,食,飛騨のほう葉みそ料理,B
2124,東海,静岡,浜松市,人文,食,浜松のうなぎ料理,A
2125,東海,静岡,静岡市,人文,食,丸子のとろろ汁,B
2126,東海,愛知,名古屋市,人文,食,名古屋のひつまぶし,B
2127,東海,愛知,南知多町,人文,食,日間賀島のふぐ料理,B
2128,東海,愛知,名古屋市,人文,食,きしめん,B
2129,東海,愛知,名古屋市,人文,食,名古屋の味噌煮込みうどん・味噌カツ,B
2130,南関西,三重,松阪市,人文,食,松阪牛のすき焼き,A
2131,南関西,三重,桑名市,人文,食,桑名のハマグリ料理,B
2132,北関西,滋賀,（全県）,人文,食,ふな寿司,B
2133,北関西,京都,京都市,人文,食,京懐石,S
2134,北関西,京都,京都市,人文,食,川床の京料理,A
2135,北関西,京都,京都市,人文,食,ハモ料理,B
2136,北関西,京都,京都市,人文,食,おばんざい,B
2137,南関西,大阪,大阪市,人文,食,大阪のたこ焼き,A
2138,南関西,大阪,大阪市,人文,食,串揚げ,B
2139,南関西,大阪,大阪市,人文,食,大阪のお好み焼き,B
2140,中国,兵庫,明石市,人文,食,明石焼き,B
2141,中国,兵庫,豊岡市,人文,食,出石皿そば,B
2142,中国,兵庫,篠山市,人文,食,篠山のぼたん鍋,B
2143,中国,兵庫,神戸市,人文,食,神戸牛ステーキ,B
2144,南関西,奈良,桜井市,人文,食,三輪そうめん,B
2145,南関西,奈良,奈良市/他,人文,食,柿の葉寿司,B
2146,南関西,和歌山,高野町,人文,食,高野山の宿坊の精進料理,A
2147,南関西,和歌山,太地町,人文,食,太地の鯨料理,B
2148,南関西,和歌山,新宮市,人文,食,新宮のめはりずし,B
2149,中国,島根,出雲市,人文,食,出雲そば,B
2150,中国,島根,松江市,人文,食,松江の奉書焼き,B
2151,中国,島根,松江市,人文,食,松江のしじみ汁,B
2152,中国,岡山,岡山市,人文,食,ままかり寿司,B
2153,中国,広島,広島市/他,人文,食,広島のカキ料理,A
2154,中国,山口,岩国市,人文,食,岩国寿司,B
2155,中国,広島,広島市/他,人文,食,広島のお好み焼き,B
2156,中国,広島,廿日市市,人文,食,宮島のあなご飯,B
2157,中国,山口,下関市,人文,食,下関のふく料理,A
2158,中国,山口,下関市,人文,食,瓦そば,B
2159,四国,徳島,阿波市,人文,食,たらいうどん,B
2160,四国,香川,（全県）,人文,食,香川の讃岐うどん,A
2161,四国,愛媛,宇和島市/他,人文,食,宇和島鯛めし,B
2162,四国,高知,（全県）,人文,食,高知の皿鉢料理,A
2163,九州,福岡,福岡市,人文,食,中洲川端の屋台村の食事,A
2164,九州,福岡,福岡市,人文,食,もつ鍋,B
2165,九州,福岡,福岡市/他,人文,食,博多ラーメン,B
2166,九州,佐賀,唐津市,人文,食,呼子イカの活きづくり,B
2167,九州,佐賀,佐賀市/他,人文,食,有明海の魚料理,B
2168,九州,長崎,長崎市,人文,食,卓袱料理,B
2169,九州,長崎,佐世保市,人文,食,佐世保バーガー,B
2170,九州,長崎,新上五島町,人文,食,五島手延べうどん,B
2171,九州,長崎,島原市,人文,食,具雑煮,B
2172,九州,長崎,長崎市,人文,食,長崎皿うどん・ちゃんぽん,B
2173,九州,熊本,熊本市/他,人文,食,熊本の馬刺し,B
2174,九州,大分,大分市,人文,食,関サバ・関アジ料理,B
2175,九州,大分,日出町,人文,食,城下カレイ料理,B
2176,九州,宮崎,宮崎市/他,人文,食,冷や汁,B
2177,九州,宮崎,宮崎市/他,人文,食,宮崎の地鶏炭火焼,B
2178,九州,鹿児島,鹿児島市/他,人文,食,きびなご料理,B
2179,九州,鹿児島,鹿児島市/他,人文,食,鹿児島の黒豚料理,B
2180,九州,沖縄,（全県）,人文,食,沖縄そば,A
2181,九州,沖縄,（全県）,人文,食,チャンプルー料理,B
2182,北海道,北海道,帯広市,人文,芸能・興行・イベント,ばんえい競馬,B
2183,東北,岩手,久慈市,人文,芸能・興行・イベント,久慈の闘牛,B
2184,東北,秋田,小坂町,人文,芸能・興行・イベント,康楽館の芝居,B
2185,北関東,群馬,みどり市,人文,芸能・興行・イベント,ながめ余興場の芝居,B
2186,北関東,群馬,草津町,人文,芸能・興行・イベント,草津夏期国際音楽アカデミー＆フェスティヴァル,B
2187,南関東,千葉,船橋市,人文,芸能・興行・イベント,中山競馬場の有馬記念,B
2188,東京,東京,中央区,人文,芸能・興行・イベント,歌舞伎座で上演される歌舞伎,S
2189,東京,東京,墨田区,人文,芸能・興行・イベント,国技館で開催される大相撲,S
2190,東京,東京,渋谷区,人文,芸能・興行・イベント,国立能楽堂で上演される能・狂言,A
2191,東京,東京,新宿区,人文,芸能・興行・イベント,末廣亭で上演される演芸,A
2192,東京,東京,千代田区,人文,芸能・興行・イベント,国立劇場で上演される歌舞伎・文楽,A
2193,東京,東京,台東区,人文,芸能・興行・イベント,鈴本演芸場で上演される演芸,A
2194,東京,東京,府中市,人文,芸能・興行・イベント,東京競馬場の東京優駿（ダービー）,B
2195,東京,東京,新宿区,人文,芸能・興行・イベント,全国高等学校サッカー選手権大会（国立競技場）,B
2196,東京,東京,中央区,人文,芸能・興行・イベント,新橋演舞場で上演される歌舞伎,B
2197,東京,東京,新宿区,人文,芸能・興行・イベント,矢来能楽堂で上演される能・狂言,B
2198,東京,東京,文京区,人文,芸能・興行・イベント,宝生能楽堂で上演される能・狂言,B
2199,東京,東京,港区,人文,芸能・興行・イベント,銕仙会能楽研修所舞台で上演される能・狂言,B
2200,東京,東京,千代田区,人文,芸能・興行・イベント,東京宝塚劇場で上演される歌劇,B
2201,東京,東京,千代田区,人文,芸能・興行・イベント,国立演芸場で上演される演芸,B
2202,東京,東京,北区,人文,芸能・興行・イベント,篠原演芸場で上演される大衆演劇,B
2203,東京,東京,台東区,人文,芸能・興行・イベント,浅草演芸ホールで上演される演芸,B
2204,南関東,神奈川,横浜市,人文,芸能・興行・イベント,横浜能楽堂で上演される能・狂言,B
2205,南関東,神奈川,鎌倉市,人文,芸能・興行・イベント,鎌倉能舞台で上演される能・狂言,B
2206,北陸,新潟,長岡市,人文,芸能・興行・イベント,越後山古志　牛の角突き,B
2207,北陸,新潟,佐渡市,人文,芸能・興行・イベント,佐渡地域の能・狂言,B
2208,北陸,石川,金沢市,人文,芸能・興行・イベント,石川県立能楽堂で上演される能・狂言,B
2209,東海,長野,松本市,人文,芸能・興行・イベント,セイジ・オザワ 松本フェスティバル,B
2210,東海,愛知,名古屋市,人文,芸能・興行・イベント,名古屋能楽堂で上演される能・狂言,B
2211,東海,愛知,名古屋市,人文,芸能・興行・イベント,大須演芸場で上演される演芸,B
2212,東海,愛知,名古屋市,人文,芸能・興行・イベント,御園座で上演される歌舞伎,B
2213,北関西,京都,京都市,人文,芸能・興行・イベント,南座で上演される歌舞伎,A
2214,北関西,京都,京都市,人文,芸能・興行・イベント,都をどり（祇園甲部歌舞練場）,A
2215,北関西,京都,京都市,人文,芸能・興行・イベント,北野をどり（上七軒歌舞練場）,B
2216,北関西,京都,京都市,人文,芸能・興行・イベント,鴨川をどり（先斗町歌舞練場）,B
2217,北関西,京都,京都市,人文,芸能・興行・イベント,京都競馬場の菊花賞,B
2218,北関西,京都,京都市,人文,芸能・興行・イベント,京都観世会館で上演される能・狂言,B
2219,北関西,京都,京都市,人文,芸能・興行・イベント,金剛能楽堂で上演される能・狂言,B
2220,北関西,京都,京都市,人文,芸能・興行・イベント,京都の六斎念仏,B
2221,北関西,京都,京都市,人文,芸能・興行・イベント,嵯峨大念仏狂言,B
2222,北関西,京都,京都市,人文,芸能・興行・イベント,壬生狂言,B
2223,南関西,大阪,大阪市,人文,芸能・興行・イベント,国立文楽劇場で上演される文楽,A
2224,南関西,大阪,大阪市,人文,芸能・興行・イベント,なんばグランド花月（ＮＧＫ）で上演されるお笑い,A
2225,南関西,大阪,大阪市,人文,芸能・興行・イベント,大阪松竹座で上演される歌舞伎,B
2226,南関西,大阪,大阪市,人文,芸能・興行・イベント,大阪能楽会館で上演される能・狂言,B
2227,南関西,大阪,大阪市,人文,芸能・興行・イベント,大槻能楽堂で上演される能・狂言,B
2228,南関西,大阪,大阪市,人文,芸能・興行・イベント,天満天神繁昌亭で上演される演芸,B
2229,南関西,大阪,大阪市,人文,芸能・興行・イベント,呉服座の旅芝居,B
2230,中国,兵庫,宝塚市,人文,芸能・興行・イベント,宝塚大劇場で上演される歌劇,A
2231,中国,兵庫,西宮市,人文,芸能・興行・イベント,全国高等学校野球選手権大会（夏の甲子園）,A
2232,中国,兵庫,神戸市,人文,芸能・興行・イベント,上田能楽堂で上演される能・狂言,B
2233,中国,兵庫,豊岡市,人文,芸能・興行・イベント,永楽館で上演される歌舞伎,B
2234,中国,兵庫,南あわじ市,人文,芸能・興行・イベント,淡路人形座で上演される人形浄瑠璃,B
2235,中国,島根,隠岐の島町,人文,芸能・興行・イベント,隠岐の島の闘牛,B
2236,四国,香川,琴平町,人文,芸能・興行・イベント,旧金毘羅大芝居（金丸座）で上演される歌舞伎,A
2237,四国,愛媛,内子町,人文,芸能・興行・イベント,歌舞伎劇場内子座の芝居,B
2238,四国,愛媛,宇和島市,人文,芸能・興行・イベント,宇和島の闘牛,B
2239,九州,福岡,飯塚市,人文,芸能・興行・イベント,嘉穂劇場の芝居,B
2240,九州,福岡,福岡市,人文,芸能・興行・イベント,大濠公園能楽堂で上演される能・狂言,B
2241,九州,福岡,福岡市,人文,芸能・興行・イベント,博多座で上演される歌舞伎,B
2242,九州,熊本,山鹿市,人文,芸能・興行・イベント,八千代座で上演される歌舞伎,B
2243,九州,鹿児島,霧島市,人文,芸能・興行・イベント,霧島国際音楽祭,B
2244,九州,鹿児島,徳之島町,人文,芸能・興行・イベント,徳之島の闘牛,B
2245,九州,沖縄,うるま市,人文,芸能・興行・イベント,うるまの闘牛,B
2246,北関東,栃木,佐野市,自然,植物,三毳山のカタクリ,B
2247,北関東,茨城,潮来市,自然,植物,水郷のアヤメ,B
2248,東海,山梨,富士河口湖町,自然,植物,富士本栖湖リゾートの芝桜,B
2249,南関東,埼玉,日高市,自然,植物,巾着田のマンジュシャゲ,B
2250,南関東,千葉,印西市,自然,植物,吉高の大桜,B
2251,東京,東京,八王子市,自然,植物,多摩森林科学園のサクラ,B
2252,東北,福島,富岡町,自然,植物,福島県富岡町のサクラ,B
2253,東北,岩手,久慈市,自然,自然現象,内間木洞の氷筍,B
2254,東北,青森,深浦町,自然,岩石・洞窟,日本キャニオン,B
2255,東北,岩手,奥州市/西和賀町,自然,山岳,焼石岳,B
2256,東北,岩手,盛岡市,自然,山岳,姫神山,B
2257,東北,岩手,平泉町,人文,神社・寺院・教会,達谷窟毘沙門堂　別當達谷西光寺,B
2258,東北,山形,村山市/寒河江市,自然,山岳,葉山,B
2259,東北,福島,下郷町,自然,岩石・洞窟,塔のへつり,B
2260,北海道,北海道,新得町/上士幌町,自然,山岳,ニペソツ山,B
2261,北海道,北海道,富良野市/芦別市/他,自然,山岳,芦別岳,B
2262,北海道,北海道,夕張市/南富良野町,自然,山岳,夕張岳,B
2263,北海道,北海道,札幌市/京極町,自然,山岳,無意根山,B
2264,東北,宮城,塩竃市,人文,郷土景観,浦戸諸島の海苔ひび・牡蠣棚の風景,B
2265,南関西,三重,熊野市、紀宝町,自然,海岸・岬,七里御浜,B
2266,北海道,北海道,函館市,人文,神社・寺院・教会,函館八幡宮,B
2267,北関西,京都,京都市,人文,郷土景観,哲学の道,B
2268,北関西,京都,京都市,自然,植物,洛西の竹林,B
2269,南関西,奈良,桜井市,人文,神社・寺院・教会,三輪山（大神神社）,B
2270,南関西,奈良,橿原市,自然,山岳,大和三山,B
2271,南関西,和歌山,新宮市,人文,神社・寺院・教会,神倉神社,B
2272,北関西,京都,京都市,人文,庭園・公園,盤恒園・鶴亀庭園,B
2273,中国,兵庫,南あわじ市,人文,史跡,沼島,B
2274,東北,青森,鶴田町,人文,建造物,鶴の舞橋,B
2275,北海道,北海道,美瑛町,自然,湖沼,白金　青い池,B
2276,北海道,北海道,函館市,自然,山岳,函館山,B
2277,東海,静岡,清水町,自然,自然現象,柿田川の湧水,B
2278,北海道,北海道,京極町,自然,自然現象,京極の噴出し,B
2279,東海,山梨,忍野村,自然,自然現象,忍野八海,B
2280,北関東,群馬,嬬恋村,自然,植物,浅間高原しゃくなげ園のシャクナゲ,B
2281,北海道,北海道,鹿部町,自然,自然現象,しかべ間歇泉公園,B
2282,北陸,富山,砺波市,人文,郷土景観,礪波平野のチューリップ,B
2283,北陸,石川,白山市,自然,自然現象,岩間の墳泉塔群,B
2284,中国,広島,府中市,人文,集落・街,上下の街並み,B
2285,北関西,京都,木津川市,人文,神社・寺院・教会,岩船寺,B
2286,東北,青森,むつ市/佐井村,自然,岩石・洞窟,縫道石山,B
2287,九州,沖縄,竹富町,自然,滝,ピナイサーラの滝,B
2288,九州,沖縄,国頭村,自然,滝,比地大滝,B
2289,九州,沖縄,石垣市,自然,海岸・岬,平久保崎,B
2290,九州,沖縄,与那国町,自然,海岸・岬,西崎,B
2291,九州,沖縄,宮古島市,自然,海岸・岬,砂山ビーチ,B
2292,九州,沖縄,宮古島市,自然,海岸・岬,吉野海岸,B
2293,九州,沖縄,多良間村,自然,海岸・岬,水納島,B
2294,九州,沖縄,竹富町,自然,海岸・岬,仲本海岸,B
2295,九州,沖縄,竹富町,自然,海岸・岬,ニシ浜（竹富島）,B
2296,九州,沖縄,久米島町,自然,海岸・岬,イーフビーチ,B
2297,九州,沖縄,宮古島市,自然,海岸・岬,新城海岸,B
2298,九州,沖縄,うるま市,自然,海岸・岬,津堅島,B
2299,九州,鹿児島,奄美市,自然,植物,金作原原生林,B
2300,九州,沖縄,竹富町,自然,植物,古見のサキシマスオウノキ群落,B
2301,九州,沖縄,名護市,自然,植物,名護のひんぷんガジュマル,B
2302,中国,島根,松江市,人文,郷土景観,大根島のボタン,B
2303,四国,高知,大月町,自然,海岸・岬,柏島,B
2304,四国,高知,宿毛市,自然,海岸・岬,沖ノ島,B
2305,東海,山梨,北杜市,自然,動物,長坂のオオムラサキ,B
2306,四国,香川,小豆島町,自然,河川・峡谷,寒霞渓,B
2307,南関東,埼玉,越生町,自然,植物,越生の大クス,B
2308,四国,愛媛,東温市,自然,河川・峡谷,白猪滝,B
2309,中国,鳥取,鳥取市,自然,湖沼,湖山池,B
2310,中国,岡山,笠岡市,人文,郷土景観,北木島の石材,B
2311,中国,岡山,新見市,自然,岩石・洞窟,井倉洞,B
2312,四国,香川,まんのう町,自然,湖沼,満濃池,B
2313,四国,香川,丸亀市/坂出市,自然,山岳,飯野山,B
2314,四国,愛媛,東温市/久万高原町,自然,山岳,皿ヶ嶺,B
2315,四国,愛媛,宇和島市/愛南町,自然,海岸・岬,由良半島,B
2316,九州,鹿児島,屋久島町,自然,滝,千尋の滝,B
2317,九州,宮崎,延岡市,自然,山岳,大崩山,B
2318,九州,福岡,福岡市,自然,海岸・岬,生の松原,B
2319,九州,熊本,山都町,自然,滝,五老ヶ滝,B
2320,九州,佐賀,佐賀市,自然,岩石・洞窟,大和町巨石群,B
2321,九州,宮崎,延岡市,自然,河川・峡谷,鹿川渓谷,B
2322,九州,鹿児島,屋久島町,自然,滝,大川の滝,B
2323,北関西,京都,京丹後市,自然,海岸・岬,琴引浜,B
2324,東北,宮城,気仙沼市,自然,海岸・岬,十八鳴浜,B
2325,九州,長崎,壱岐市,自然,岩石・洞窟,猿岩,B
2326,九州,沖縄,伊江村,自然,岩石・洞窟,伊江島城山（タッチュー）,B
2327,北関西,滋賀,野洲市,自然,山岳,三上山,B
2328,九州,沖縄,竹富町,人文,郷土景観,西表島の水牛,B
2329,九州,熊本,南阿蘇村,自然,自然現象,白川水源,B
2330,東北,岩手,山田町,自然,海岸・岬,山田湾,B
2331,東海,長野,松本市,自然,植物,アルプス公園のサクラ,B
2332,東京,東京,目黒区,自然,植物,目黒川のサクラ,B
2333,南関西,奈良,大和郡山市,人文,城跡・城郭・宮殿,郡山城,B
2334,九州,沖縄,久米島町,自然,植物,久米島のサクラ,B
2335,中国,兵庫,丹波市,人文,神社・寺院・教会,高源寺,B
2336,九州,福岡,宗像市,自然,海岸・岬,沖ノ島,B
2337,東北,宮城,仙台市,人文,神社・寺院・教会,輪王寺,B
2338,中国,鳥取,琴浦町,自然,植物,船上山万本桜公園のサクラ,B
2339,四国,愛媛,西条市,自然,植物,武丈公園のサクラ,B
2340,九州,福岡,朝倉市,自然,植物,秋月杉の馬場通りのサクラ,B
2341,北関西,京都,八幡市,自然,植物,背割堤のサクラ,B
2342,北陸,富山,朝日町,自然,植物,舟川のサクラ,B
2343,北陸,新潟,佐渡市,自然,植物,真野公園のサクラ,B
2344,南関東,千葉,大多喜町,自然,植物,麻綿原公園のアジサイ,B
2345,東京,東京,大島町,自然,植物,あじさいレインボーライン,B
2346,北関東,栃木,佐野市,自然,植物,万葉自然公園かたくりの里,B
2347,北関西,滋賀,日野町,自然,植物,鎌掛渓のシャクナゲ,B
2348,東北,青森,深浦町,自然,植物,北金ヶ沢のイチョウ,B
2349,東北,山形,最上町,自然,植物,権現山の大カツラ,B
2350,九州,佐賀,武雄市,自然,植物,川古のオオクス,B
2351,北陸,新潟,阿賀町,自然,植物,将軍杉,B
2352,九州,長崎,島原市,人文,郷土景観,島原湧水のまち,B
2353,南関西,三重,熊野市,人文,神社・寺院・教会,丹倉神社,B
2354,南関西,三重,熊野市,人文,年中行事（祭り・伝統行事）,熊野速玉神社の御船祭,B
2355,北関西,京都,京都市,人文,神社・寺院・教会,松尾大社,B
2356,北関西,京都,京都市,人文,神社・寺院・教会,引接寺,B
2357,北関西,京都,京都市,人文,神社・寺院・教会,相国寺,B
2358,北関西,京都,宇治市,人文,神社・寺院・教会,宇治上神社,B
2359,北関西,京都,京都市,人文,神社・寺院・教会,金戒光明寺,B
2360,北関西,京都,京都市,人文,神社・寺院・教会,六波羅蜜寺,B
2361,北関西,京都,京都市,人文,神社・寺院・教会,養源院,B
2362,南関東,神奈川,鎌倉市,人文,神社・寺院・教会,長谷寺,B
2363,北海道,北海道,札幌市,人文,神社・寺院・教会,北海道神宮,B
2364,北関西,京都,京都市,人文,神社・寺院・教会,善峰寺,B
2365,東北,山形,南陽市,人文,神社・寺院・教会,熊野大社,B
2366,東北,福島,会津若松市,人文,庭園・公園,御薬園（会津松平氏庭園）,B
2367,東北,福島,会津若松市,人文,建造物,日新館,B
2368,北関西,京都,京都市,人文,神社・寺院・教会,霊鑑寺,B
2369,北関西,京都,京都市,人文,神社・寺院・教会,愛宕神社,B
2370,北関西,京都,京都市,人文,神社・寺院・教会,城南宮,B
2371,九州,大分,宇佐市,人文,郷土景観,安心院の鏝絵,B
2372,九州,大分,宇佐市,人文,建造物,院内町の石橋群,B
2373,九州,鹿児島,鹿児島市,人文,郷土景観,桜島周辺地域の墓地,B
2374,東北,岩手,平泉町,人文,神社・寺院・教会,観自在王院跡,B
2375,東北,山形,米沢市,人文,史跡,上杉家御廟,B
2376,北陸,新潟,新潟市,人文,建造物,笹川邸,B
2377,北陸,新潟,関川村,人文,建造物,渡辺家住宅,B
2378,南関東,千葉,匝瑳市,人文,神社・寺院・教会,飯高寺,B
2379,東海,静岡,下田市,人文,神社・寺院・教会,了仙寺,B
2380,東海,静岡,下田市,人文,神社・寺院・教会,玉泉寺,B
2381,中国,岡山,総社市,人文,神社・寺院・教会,備中国分寺,B
2382,中国,山口,萩市,人文,建造物,松下村塾,B
2383,四国,愛媛,新居浜市,人文,史跡,別子銅山口屋跡,B
2384,九州,長崎,松浦市,人文,史跡,鷹島神﨑遺跡,B
2385,東海,長野,大町市,人文,建造物,高瀬ダム,B
2386,北関東,栃木,日光市,人文,神社・寺院・教会,二荒山神社中宮祠,B
2387,南関東,千葉,大多喜町,人文,集落・街,大多喜の街並み,B
2388,北陸,新潟,南魚沼市,人文,集落・街,塩沢の街並み,B
2389,南関西,三重,津市,人文,城跡・城郭・宮殿,津城址,B
2390,九州,福岡,北九州市,人文,城跡・城郭・宮殿,小倉城,B
2391,九州,大分,臼杵市,人文,城跡・城郭・宮殿,臼杵城跡,B
2392,九州,沖縄,読谷村,人文,城跡・城郭・宮殿,座喜味城跡,B
2393,九州,沖縄,うるま市,人文,城跡・城郭・宮殿,勝連城,B
2394,南関西,三重,伊勢市,人文,建造物,宇治山田駅,B
2395,九州,福岡,北九州市,人文,集落・街,門司港の街並み,B
2396,東京,東京,文京区,人文,建造物,東京カテドラル聖マリア大聖堂,B
2397,南関西,奈良,天理市,人文,郷土景観,天理のまち,B
2398,南関西,奈良,奈良市,人文,建造物,奈良女子大学,B
2399,北関西,京都,京都市,人文,建造物,同志社大学,B
2400,北海道,北海道,札幌市,人文,建造物,北海道大学,B
2401,東京,東京,杉並区,人文,建造物,東京女子大学,B
2402,東京,東京,港区,人文,建造物,慶應大学,B
2403,東京,東京,武蔵野市,人文,建造物,成蹊大学,B
2404,東海,長野,軽井沢町,人文,建造物,軽井沢教会群,B
2405,東北,秋田,秋田市,人文,建造物,国際教養大学図書館（中嶋記念図書館）,B
2406,東北,宮城,仙台市,人文,神社・寺院・教会,瑞鳳殿（墓所）,B
2407,四国,香川,高松市,人文,城跡・城郭・宮殿,屋島城,B
2408,中国,山口,下関市,人文,史跡,壇ノ浦,B
2409,九州,佐賀,佐賀市,人文,芸能・興行・イベント,佐賀インターナショナルバルーンフェスタ,B
2410,北海道,北海道,上士幌町,人文,芸能・興行・イベント,北海道バルーンフェスティバル,B
2411,南関東,埼玉,入間市,人文,芸能・興行・イベント,入間航空祭,B
2412,南関東,埼玉,所沢市,人文,動植物園・水族館,ところざわのゆり園,B
2413,東海,愛知,名古屋市,人文,テーマ公園・テーマ施設,ノリタケの森,B
2414,南関西,三重,桑名市,人文,テーマ公園・テーマ施設,なばなの里,B
2415,北海道,北海道,釧路市,人文,食,釧路の炉端焼き,B
2416,北海道,北海道,釧路市,人文,食,釧路和商市場の勝手丼,B
2417,北海道,北海道,函館市,人文,食,函館のいかそうめん,B
2418,東北,青森,大間町,人文,食,大間のマグロ丼,B
2419,東北,宮城,気仙沼市,人文,食,気仙沼のフカヒレスープ,B
2420,東海,長野,上田市,人文,食,別所のマツタケ料理,B
2421,東海,静岡,三島市,人文,食,三島のウナギ,B
2422,北関西,京都,京都市,人文,食,京都の豆腐料理,B
2423,中国,兵庫,神戸市,人文,食,南京街の中華料理,B
2424,四国,高知,高知市/他,人文,食,カツオの土佐造り,B
2425,九州,沖縄,（全県）,人文,食,沖縄の豚料理,B
2426,東京,東京,豊島区,人文,建造物,学習院大学,B
2427,東京,東京,文京区,人文,建造物,東京大学,B
2428,中国,兵庫,西宮市,人文,建造物,武庫川女子大学,B
2429,中国,兵庫,神戸市,人文,建造物,神戸女子大学,B
2430,東海,山梨,北杜市,人文,建造物,三代校舎ふれあいの里,B
2431,東京,東京,豊島区,人文,建造物,立教大学,B
2432,中国,兵庫,西宮市,人文,建造物,関西学院大学,B
2433,南関東,埼玉,皆野町,人文,芸能・興行・イベント,皆野町の秩父音頭,B
2434,九州,福岡,飯塚市,人文,芸能・興行・イベント,飯塚市の炭坑節,B
2435,東京,東京,江戸川区,人文,年中行事（祭り・伝統行事）,江戸川区花火大会,B
2436,中国,島根,安来市,人文,芸能・興行・イベント,安来市の安来節,B
2437,四国,愛媛,今治市,人文,郷土景観,今治造船風景,B
2438,四国,愛媛,今治市,人文,史跡,陸軍芸予要塞来島要塞,B
2439,北陸,新潟,新潟市,人文,年中行事（祭り・伝統行事）,新潟まつり,B
2440,東海,長野,長野市,人文,年中行事（祭り・伝統行事）,善光寺御開帳,B
2441,北陸,新潟,阿賀町,人文,年中行事（祭り・伝統行事）,つがわ狐の嫁入り行列,B
2442,北陸,岐阜,大垣市,人文,年中行事（祭り・伝統行事）,大垣祭の軕行事,B
2443,東北,秋田,鹿角市,人文,年中行事（祭り・伝統行事）,花輪ばやし（花輪祭の屋台行事）,B
2444,北海道,北海道,江差町,人文,芸能・興行・イベント,江差追分全国大会,B
2445,東北,青森,青森市,人文,芸能・興行・イベント,津軽三味線日本一決定戦,B
2446,東北,山形,鶴岡市,人文,芸能・興行・イベント,鶴岡音楽祭,B
2447,東北,福島,相馬市,人文,芸能・興行・イベント,相馬民謡全国大会,B
2448,北関東,茨城,水戸市,人文,芸能・興行・イベント,磯節全国大会,B
2449,中国,鳥取,鳥取市,人文,芸能・興行・イベント,わらべ館の童謡・唱歌,B
2450,九州,熊本,五木村,人文,芸能・興行・イベント,五木の子守唄祭,B
2451,北関東,群馬,前橋市,人文,神社・寺院・教会,大洞赤城神社,B
2452,東京,東京,東村山市,人文,神社・寺院・教会,正福寺,B
2453,南関東,神奈川,箱根町,人文,神社・寺院・教会,箱根神社,B
2454,南関東,神奈川,寒川町,人文,神社・寺院・教会,寒川神社,B
2455,北陸,富山,立山町,人文,神社・寺院・教会,雄山神社,B
2456,北陸,石川,羽咋市,人文,神社・寺院・教会,氣多大社,B
2457,北陸,福井,越前市,人文,神社・寺院・教会,大瀧神社,B
2458,北陸,福井,越前町,人文,神社・寺院・教会,劔神社,B
2459,北陸,福井,敦賀市,人文,神社・寺院・教会,氣比神宮,B
2460,東海,長野,大町市,人文,神社・寺院・教会,仁科神明宮,B
2461,南関西,三重,熊野市,人文,神社・寺院・教会,花窟神社,B
2462,北関西,滋賀,大津市,人文,神社・寺院・教会,建部大社,B
2463,北関西,滋賀,湖南市,人文,神社・寺院・教会,長寿寺,B
2464,北関西,滋賀,野洲市,人文,神社・寺院・教会,大笹原神社,B
2465,北関西,京都,京都市,人文,神社・寺院・教会,御靈神社,B
2466,北関西,京都,京都市,人文,神社・寺院・教会,吉田神社,B
2467,北関西,京都,京都市,人文,神社・寺院・教会,豊国神社,B
2468,北関西,京都,木津川市,人文,神社・寺院・教会,海住山寺,B
2469,北関西,京都,長岡京市,人文,神社・寺院・教会,光明寺,B
2470,北関西,京都,京都市,人文,神社・寺院・教会,大報恩寺,B
2471,中国,兵庫,養父市,人文,神社・寺院・教会,名草神社,B
2472,中国,兵庫,加東市,人文,神社・寺院・教会,朝光寺,B
2473,南関西,奈良,奈良市,人文,神社・寺院・教会,圓成寺,B
2474,南関西,奈良,奈良市,人文,神社・寺院・教会,霊山寺,B
2475,南関西,奈良,五條市,人文,神社・寺院・教会,榮山寺,B
2476,南関西,和歌山,高野町,人文,神社・寺院・教会,金剛三昧院,B
2477,南関西,和歌山,海南市,人文,神社・寺院・教会,長保寺,B
2478,中国,鳥取,大山町,人文,神社・寺院・教会,大神山神社,B
2479,中国,島根,隠岐の島町,人文,神社・寺院・教会,水若酢神社,B
2480,中国,広島,尾道市,人文,神社・寺院・教会,向上寺,B
2481,中国,広島,広島市,人文,神社・寺院・教会,不動院,B
2482,中国,山口,下関市,人文,神社・寺院・教会,功山寺,B
2483,四国,香川,坂出市,人文,神社・寺院・教会,神谷神社,B
2484,九州,長崎,対馬市,人文,神社・寺院・教会,和多都美神社,B
2485,九州,宮崎,高千穂町,人文,神社・寺院・教会,高千穂神社,B
2486,北関西,京都,京都市,人文,神社・寺院・教会,等持院,B
2487,北関西,京都,京都市,人文,神社・寺院・教会,清涼寺,B
2488,北関西,京都,京都市,人文,神社・寺院・教会,真如堂（真正極楽寺）,B
2489,北関西,京都,京都市,人文,神社・寺院・教会,聖護院,B
2490,北関西,京都,京都市,人文,神社・寺院・教会,御香宮神社,B
2491,北関西,京都,京都市,人文,神社・寺院・教会,藤森神社,B
2492,北関西,京都,京都市,人文,神社・寺院・教会,随心院,B
2493,北関西,京都,京都市,人文,神社・寺院・教会,廬山寺,B
2494,北関西,京都,京都市,人文,神社・寺院・教会,平野神社,B
2495,北関西,京都,京都市,人文,神社・寺院・教会,今宮神社,B
2496,北関西,京都,京都市,人文,神社・寺院・教会,建勲神社,B
2497,北関西,京都,京都市,人文,神社・寺院・教会,常寂光寺,B
2498,北関西,京都,京都市,人文,神社・寺院・教会,祇王寺,B
2499,北関西,京都,長岡京市,人文,神社・寺院・教会,長岡天満宮,B
2500,北関西,京都,宇治市,人文,神社・寺院・教会,三室戸寺,B
2501,北関西,京都,宇治市,人文,神社・寺院・教会,興聖寺,B
2502,北関西,京都,亀岡市,人文,神社・寺院・教会,出雲大神宮,B
2503,北関西,京都,宮津市,人文,神社・寺院・教会,成相寺,B
2504,北関西,京都,笠置町,人文,神社・寺院・教会,笠置寺,B
2505,南関東,埼玉,秩父市,人文,神社・寺院・教会,清雲寺,B
2506,南関東,千葉,松戸市,人文,神社・寺院・教会,本土寺,B
2507,東京,東京,文京区,人文,神社・寺院・教会,湯島天満宮,B
2508,南関東,神奈川,鎌倉市,人文,神社・寺院・教会,光則寺,B
2509,北関西,滋賀,大津市,人文,神社・寺院・教会,滋賀院,B
2510,九州,佐賀,基山町,人文,神社・寺院・教会,大興善寺,B
2511,九州,大分,豊後大野市,人文,神社・寺院・教会,普光寺,B
2512,南関東,千葉,松戸市,人文,庭園・公園,旧徳川昭武庭園（戸定邸庭園）,B
2513,東京,東京,台東区,人文,博物館・美術館,朝倉彫塑館,B
2514,東京,東京,国分寺市,人文,庭園・公園,殿ヶ谷戸庭園（随冝園）,B
2515,北関西,滋賀,栗東市,人文,庭園・公園,大角氏庭園,B
2516,北関西,京都,京都市,人文,庭園・公園,白沙村荘庭園,B
2517,四国,香川,観音寺市,人文,庭園・公園,琴弾公園,B
2518,南関西,大阪,大阪市,人文,集落・街,新世界,B
2519,東京,東京,台東区,人文,年中行事（祭り・伝統行事）,入谷朝顔まつり,B
2520,四国,徳島,鳴門市,人文,史跡,坂東俘囚収容所跡,B
2521,北海道,北海道,別海町,人文,郷土景観,尾岱沼のエビ打瀬舟,B
2522,東北,福島,会津若松市,人文,集落・街,七日町通り,B
2523,北関東,栃木,日光市,人文,史跡,足尾銅山跡,B
2524,南関東,埼玉,大宮市,人文,郷土景観,大宮盆栽村,B
2525,東海,長野,中津川市,人文,集落・街,馬籠宿,B
2526,東海,長野,軽井沢町,人文,郷土景観,軽井沢の別荘地,B
2527,北陸,岐阜,関市,人文,郷土景観,関の刃物,B
2528,北陸,岐阜,郡上市,人文,郷土景観,郡上八幡の食品サンプル工房,B
2529,九州,熊本,芦北町,人文,郷土景観,打瀬網漁,B
2530,北海道,北海道,清水町,人文,庭園・公園,十勝千年の森,B
2531,東京,東京,葛飾区,人文,庭園・公園,水元公園,B
2532,北陸,石川,金沢市,人文,博物館・美術館,鈴木大拙館,B
2533,北関西,京都,京都市,人文,博物館・美術館,京都鉄道博物館,B
2534,九州,大分,大分市,人文,博物館・美術館,大分県立美術館,B
2535,東北,青森,青森市,人文,テーマ公園・テーマ施設,青森市文化観光交流施設　ねぶたの家　ワ・ラッセ,B
2536,東海,長野,小布施町,人文,博物館・美術館,信州小布施　北斎館,B
2537,中国,山口,長門市,人文,博物館・美術館,金子みすゞ記念館,B
2538,東海,山梨,富士河口湖町,人文,博物館・美術館,久保田一竹美術館,B
2539,九州,鹿児島,鹿児島市,人文,博物館・美術館,維新ふるさと館,B
2540,東北,岩手,八幡平市,人文,温泉,藤七温泉,B
2541,東北,宮城,白石市,人文,温泉,鎌先温泉,B
2542,東北,福島,会津若松市,人文,温泉,東山温泉,B
2543,北関東,栃木,那須塩原市,人文,温泉,板室温泉,B
2544,北陸,新潟,阿賀野市,人文,温泉,五頭温泉郷（村杉温泉、今板温泉、出湯温泉）,B
2545,北陸,富山,立山町,人文,温泉,立山地獄谷の温泉,B
2546,東海,山梨,山梨市,人文,温泉,ほったらかし温泉,B
2547,東海,長野,上田市,人文,温泉,鹿教湯温泉,B
2548,東海,静岡,下田市,人文,温泉,伊豆下田河内温泉,B
2549,南関西,奈良,天川村,人文,温泉,洞川温泉,B
2550,中国,島根,大田市,人文,温泉,温泉津温泉,B
2551,中国,岡山,鏡野町,人文,温泉,奥津温泉,B
2552,九州,大分,由布市,人文,温泉,湯平温泉,B
2553,北海道,北海道,弟子屈町,人文,温泉,屈斜路温泉,B
2554,東北,岩手,一関市,人文,温泉,須川温泉,B
2555,北陸,新潟,魚沼市,人文,温泉,栃尾又温泉,B
2556,北関西,京都,京都市,人文,神社・寺院・教会,河合神社,B
2557,東北,岩手,奥州市,人文,年中行事（祭り・伝統行事）,黒石寺蘇民祭,B
2558,東北,岩手,盛岡市,人文,年中行事（祭り・伝統行事）,樺火・舟ッコ流し,B
2559,東北,秋田,能代市,人文,年中行事（祭り・伝統行事）,ねぶ流し,B
2560,東北,秋田,湯沢市,人文,年中行事（祭り・伝統行事）,湯沢の七夕絵灯ろう,B
2561,東北,秋田,湯沢市,人文,年中行事（祭り・伝統行事）,犬っこ祭り,B
2562,東北,福島,須賀川市,人文,年中行事（祭り・伝統行事）,須賀川たいまつあかし,B
2563,東北,福島,柳津町,人文,年中行事（祭り・伝統行事）,柳津七日堂裸参り,B
2564,東北,福島,南会津町,人文,年中行事（祭り・伝統行事）,会津田島祇園祭り,B
2565,東北,福島,福島市,人文,年中行事（祭り・伝統行事）,福島わらじ祭り,B
2566,東京,東京,府中市,人文,年中行事（祭り・伝統行事）,府中くらやみ祭り,B
2567,南関東,神奈川,横浜市,人文,年中行事（祭り・伝統行事）,横浜港祭り,B
2568,北陸,新潟,新潟市,人文,年中行事（祭り・伝統行事）,白根大凧合戦,B
2569,北陸,福井,勝山市,人文,年中行事（祭り・伝統行事）,勝山左義長まつり,B
2570,南関西,三重,伊勢市,人文,年中行事（祭り・伝統行事）,伊勢佐八のかんこ踊り,B
2571,北陸,岐阜,揖斐川町,人文,年中行事（祭り・伝統行事）,谷汲踊,B
2572,東海,愛知,新城市,人文,年中行事（祭り・伝統行事）,大海放下おどり,B
2573,東海,愛知,小牧市,人文,年中行事（祭り・伝統行事）,田県神社の豊年祈願祭,B
2574,中国,兵庫,西宮市,人文,年中行事（祭り・伝統行事）,西宮の戎祭,B
2575,中国,兵庫,新温泉町,人文,年中行事（祭り・伝統行事）,久谷ざんざか踊り,B
2576,中国,兵庫,養父市,人文,年中行事（祭り・伝統行事）,大杉ざんざこ踊り,B
2577,中国,兵庫,相生市,人文,年中行事（祭り・伝統行事）,相生ペーロン,B
2578,中国,山口,美祢市,人文,年中行事（祭り・伝統行事）,秋吉台山焼,B
2579,四国,愛媛,大洲市,人文,食,大洲いもたき,B
2580,九州,熊本,阿蘇市,人文,年中行事（祭り・伝統行事）,阿蘇の野焼き,B
2581,九州,福岡,福岡市,人文,年中行事（祭り・伝統行事）,筥崎宮玉せせり,B
2582,九州,長崎,長崎市,人文,年中行事（祭り・伝統行事）,長崎ランタンフェスティバル,B
2583,中国,山口,山口市,人文,年中行事（祭り・伝統行事）,七夕ちょうちんまつり,B
2584,九州,沖縄,糸満市,人文,年中行事（祭り・伝統行事）,糸満大綱引,B
2585,北関東,群馬,前橋市,人文,神社・寺院・教会,三夜沢赤城神社,B
2586,四国,愛媛,久万高原町,人文,神社・寺院・教会,大宝寺,B
2587,東海,長野,松本市,人文,神社・寺院・教会,牛伏寺,B
2588,北関西,滋賀,近江市,人文,神社・寺院・教会,百済寺,B
2589,北関西,滋賀,甲賀市,人文,神社・寺院・教会,擽野寺,B
2590,中国,島根,松江市,人文,神社・寺院・教会,佐太神社,B
2591,南関西,三重,熊野市,人文,城跡・城郭・宮殿,赤木城跡,B
2592,中国,山口,下関市,人文,建造物,角島大橋,B
2593,九州,沖縄,今帰仁村/名護市,人文,建造物,古宇利大橋,B
2594,九州,沖縄,宮古島市,人文,建造物,伊良部大橋,B
2595,中国,広島,福山市,人文,神社・寺院・教会,神勝寺,B
2596,九州,福岡,築上町,人文,建造物,旧蔵内邸,B
2597,東海,長野,飯田市,人文,郷土景観,飯田リンゴ並木,B
2598,北陸,石川,金沢市,人文,集落・街,にし茶屋街,B
2599,東北,岩手,一関市,人文,食,もち膳,B
2600,東北,福島,柳津町,人文,神社・寺院・教会,円蔵寺,B
2601,南関東,埼玉,日高市,人文,神社・寺院・教会,高麗神社,B
2602,南関東,埼玉,秩父市,人文,神社・寺院・教会,秩父神社,B
2603,東京,東京,中央区,人文,神社・寺院・教会,水天宮,B
2604,南関東,神奈川,横浜市,人文,神社・寺院・教会,総持寺,B
2605,南関東,神奈川,横浜市,人文,神社・寺院・教会,称名寺,B
2606,南関東,神奈川,鎌倉市,人文,神社・寺院・教会,浄智寺,B
2607,北陸,福井,坂井市,人文,神社・寺院・教会,滝谷寺,B
2608,東海,長野,安曇野市,人文,神社・寺院・教会,穂高神社,B
2609,北陸,岐阜,高山市,人文,神社・寺院・教会,飛騨国分寺,B
2610,東海,静岡,富士宮市,人文,神社・寺院・教会,北山本門寺,B
2611,東海,静岡,熱海市,人文,神社・寺院・教会,伊豆山神社,B
2612,東海,山梨,甲府市,人文,神社・寺院・教会,金桜神社,B
2613,東海,愛知,一宮市,人文,神社・寺院・教会,妙興寺,B
2614,南関西,三重,志摩市,人文,神社・寺院・教会,伊雑宮（内宮別宮）,B
2615,南関西,三重,伊勢市,人文,神社・寺院・教会,荒祭宮（内宮別宮）,B
2616,南関西,三重,伊勢市,人文,神社・寺院・教会,月読宮（内宮別宮）,B
2617,南関西,三重,伊勢市,人文,神社・寺院・教会,御塩殿神社,B
2618,北関西,滋賀,大津市,人文,神社・寺院・教会,円満院,B
2619,北関西,滋賀,東近江市,人文,神社・寺院・教会,阿賀神社,B
2620,北関西,京都,京都市,人文,神社・寺院・教会,長楽寺,B
2621,北関西,京都,京都市,人文,神社・寺院・教会,法観寺（八坂の塔）,B
2622,中国,兵庫,太子町,人文,神社・寺院・教会,斑鳩寺,B
2623,南関西,奈良,奈良市,人文,神社・寺院・教会,手向山八幡宮,B
2624,南関西,奈良,天川村,人文,神社・寺院・教会,龍泉寺,B
2625,南関西,和歌山,和歌山市,人文,神社・寺院・教会,紀州東照宮,B
2626,南関西,和歌山,和歌山市,人文,神社・寺院・教会,和歌浦天満宮,B
2627,南関西,和歌山,かつらぎ町,人文,神社・寺院・教会,丹生都比売神社,B
2628,南関西,和歌山,紀の川市,人文,神社・寺院・教会,鞆淵八幡神社,B
2629,南関西,和歌山,九度山町,人文,神社・寺院・教会,丹生宮省符神社,B
2630,中国,島根,津和野町,人文,神社・寺院・教会,(太皷谷)稲成神社,B
2631,中国,岡山,岡山市,人文,神社・寺院・教会,吉備津彦神社,B
2632,中国,広島,三原市,人文,神社・寺院・教会,佛通寺,B
2633,四国,香川,高松市,人文,神社・寺院・教会,五剱(山観自在院)八栗寺,B
2634,四国,香川,さぬき市,人文,神社・寺院・教会,志度寺,B
2635,四国,香川,坂出市,人文,神社・寺院・教会,白峰宮,B
2636,九州,福岡,篠栗町,人文,神社・寺院・教会,篠栗四国八十八カ所,B
2637,九州,長崎,長崎市,人文,神社・寺院・教会,出津教会,B
2638,九州,宮崎,高千穂町,人文,神社・寺院・教会,天岩戸神社,B
2639,東京,東京,墨田区,人文,博物館・美術館,すみだ北斎美術館,B
2640,南関東,神奈川,横浜市,人文,博物館・美術館,横浜開港資料館,B
2641,九州,福岡,福岡市,人文,博物館・美術館,福岡市博物館,B
2642,東北,宮城,石巻市,人文,博物館・美術館,宮城県慶長使節船ミュージアム,B
2643,東北,宮城,気仙沼市,人文,博物館・美術館,リアス・アーク美術館,B
2644,東北,宮城,多賀城市,人文,博物館・美術館,東北歴史博物館,B
2645,九州,鹿児島,指宿市,人文,神社・寺院・教会,枚聞神社,B
2646,北関西,京都,京都市,人文,庭園・公園,白龍園,B
2647,北関西,京都,京都市,人文,建造物,旧三井家下鴨別邸,B
2648,東海,長野,松本市,人文,建造物,牛伏川フランス式階段工,B
2649,北海道,北海道,稚内市,人文,建造物,稚内港北防波堤ドーム,B
2650,九州,鹿児島,薩摩川内市,人文,神社・寺院・教会,新田神社,B
2651,南関西,三重,伊勢市,人文,神社・寺院・教会,倭姫宮（内宮別宮）,B
2652,北関東,茨城,つくば市,人文,博物館・美術館,JAXA筑波宇宙センター,B
2653,南関東,神奈川,相模原市,人文,博物館・美術館,JAXA相模原キャンパス,B
2654,東京,東京,千代田区,人文,博物館・美術館,科学技術館,B
2655,北関西,滋賀,高島市,人文,集落・街,針江の生水,B
2656,東海,長野,茅野市/南牧村,自然,山岳,硫黄岳,B
2657,南関西,大阪,箕面市,自然,滝,箕面の滝,B
2658,東海,愛知,稲沢市,自然,植物,祖父江のイチョウ,B
2659,九州,沖縄,宮古島市,自然,海岸・岬,通り池,B
2660,九州,鹿児島,薩摩川内市,自然,岩石・洞窟,甑島の断崖,B
2661,中国,島根,出雲市,自然,海岸・岬,稲佐の浜,B
2662,中国,広島,広島市,自然,河川・峡谷,太田川,B
2663,四国,徳島,徳島市,自然,河川・峡谷,新町川,B
2664,九州,佐賀,佐賀市,自然,河川・峡谷,嘉瀬川,B
2665,九州,宮崎,延岡市,自然,河川・峡谷,北川,B
2666,中国,兵庫,豊岡市,自然,岩石・洞窟,玄武洞,B
2667,北関東,群馬,高崎市,人文,神社・寺院・教会,慈眼院（高崎観音）,B
2668,東海,長野,阿智村,自然,植物,園原のハナモモ,B
2669,東北,宮城,気仙沼市,自然,植物,徳仙丈山のツツジ,B
2670,南関西,和歌山,美浜町,自然,海岸・岬,煙樹ヶ浜,B
2671,九州,福岡,北九州市,人文,博物館・美術館,松本清張記念館,B
2672,南関西,大阪,東大阪市,人文,博物館・美術館,司馬遼太郎記念館,B
2673,南関西,大阪,東大阪市,人文,神社・寺院・教会,石切劔箭神社,B
2674,北海道,北海道,占冠村,自然,自然現象,トマムの雲海,B
2675,東北,秋田,仙北市,人文,芸能・興行・イベント,あきた芸術村,B
2676,北海道,北海道,（全道）,人文,食,北海道のカニ料理（毛ガニ）,B
2677,東海,山梨,北杜市,人文,食,清泉寮ソフトクリーム,B
2678,東海,長野,小布施町,人文,食,小布施町の栗菓子,B
2679,九州,福岡,太宰府市,人文,食,梅ケ枝餅,B
2680,九州,長崎,島原市,人文,食,かんざらし,B
2681,北関西,京都,京都市,人文,食,茶室等で食べる京菓子,B
2682,東海,愛知,安城市,人文,テーマ公園・テーマ施設,安城産業文化公園デンパーク,B
2683,北関西,京都,亀岡市,人文,年中行事（祭り・伝統行事）,出雲風流花踊り,B
2684,北関西,京都,京都市,人文,年中行事（祭り・伝統行事）,松尾祭,B
2685,東北,山形,飯豊町,人文,郷土景観,飯豊町の田園散居集落,B
2686,東海,山梨県,甲州市,人文,年中行事（祭り・伝統行事）,藤切り祭,B
2687,北関西,京都,京都市,人文,年中行事（祭り・伝統行事）,二十五菩薩練供養,B
2688,東海,愛知,名古屋市,人文,集落・街,有松のまち,B
2689,東北,秋田,男鹿市/潟上市,人文,年中行事（祭り・伝統行事）,東湖八坂神社のトウニン（統人）行事,B
2690,中国,鳥取,境港市,人文,郷土景観,境港漁港,B
2691,四国,香川,高松市,人文,テーマ公園・テーマ施設,四国民家博物館,B
2692,東京,東京,港区,人文,テーマ公園・テーマ施設,東京ジョイポリス,B
